date,bigtech_index
07/30/2013,1633.62
07/31/2013,1651.34
08/01/2013,1660.98
08/02/2013,1686.14
08/05/2013,1689.79
08/06/2013,1688.57
08/07/2013,1679.89
08/08/2013,1675.58
08/09/2013,1685.13
08/12/2013,1682.21
08/13/2013,1689.25
08/14/2013,1697.98
08/15/2013,1688.3
08/16/2013,1652.43
08/19/2013,1650.8
08/20/2013,1643.23
08/21/2013,1649.53
08/22/2013,1646.5
08/23/2013,1663.66
08/26/2013,1672.96
08/27/2013,1667.07
08/28/2013,1631.12
08/29/2013,1640.91
08/30/2013,1653.04
09/02/2013,0
09/03/2013,1643.54
09/04/2013,1658.46
09/05/2013,1679.26
09/06/2013,1684.75
09/09/2013,1686.36
09/10/2013,1704.74
09/11/2013,1724.46
09/12/2013,1731.44
09/13/2013,1723.55
09/16/2013,1725.88
09/17/2013,1728.25
09/18/2013,1743.35
09/19/2013,1758.22
09/20/2013,1762.43
09/23/2013,1755.43
09/24/2013,1745.2
09/25/2013,1749.91
09/26/2013,1754.32
09/27/2013,1759.83
09/30/2013,1754.56
10/01/2013,1750.28
10/02/2013,1765.98
10/03/2013,1766.08
10/04/2013,1748.5
10/07/2013,1769.73
10/08/2013,1758.37
10/09/2013,1725.54
10/10/2013,1719.49
10/11/2013,1746.37
10/14/2013,1749.84
10/15/2013,1769.23
10/16/2013,1761.84
10/17/2013,1760.13
10/18/2013,1785.86
10/21/2013,1805.57
10/22/2013,1808.03
10/23/2013,1779.01
10/24/2013,1764.34
10/25/2013,1778.58
10/28/2013,1767.64
10/29/2013,1780.7
10/30/2013,1795.75
10/31/2013,1778.35
11/01/2013,1781.74
11/04/2013,1779.16
11/05/2013,1773.08
11/06/2013,1783.18
11/07/2013,1787.82
11/08/2013,1763.9
11/11/2013,1777.55
11/12/2013,1777.8
11/13/2013,1782.21
11/14/2013,1801.62
11/15/2013,1814.1
11/18/2013,1821.34
11/19/2013,1798.47
11/20/2013,1788.34
11/21/2013,1786.63
11/22/2013,1798.75
11/25/2013,1804.91
11/26/2013,1796.38
11/27/2013,1801.78
11/28/2013,0
11/29/2013,1813
12/02/2013,1813.84
12/03/2013,1806.41
12/04/2013,1804.22
12/05/2013,1819.44
12/06/2013,1837.49
12/09/2013,1838.33
12/10/2013,1838.01
12/11/2013,1842.71
12/12/2013,1819.17
12/13/2013,1820.42
12/16/2013,1830.21
12/17/2013,1833.2
12/18/2013,1844.06
12/19/2013,1856.41
12/20/2013,1854.02
12/23/2013,1883.08
12/24/2013,1890.74
12/25/2013,0
12/26/2013,1897.8
12/27/2013,1898.32
12/30/2013,1894.14
12/31/2013,1903.85
01/01/2014,0
01/02/2014,1897.31
01/03/2014,1887.16
01/06/2014,1885.11
01/07/2014,1883.43
01/08/2014,1903.46
01/09/2014,1914.92
01/10/2014,1906.48
01/13/2014,1907.87
01/14/2014,1886.22
01/15/2014,1925.9
01/16/2014,1943.72
01/17/2014,1933.1
01/20/2014,0
01/21/2014,1945.43
01/22/2014,1942.16
01/23/2014,1944.61
01/24/2014,1929.9
01/27/2014,1902.57
01/28/2014,1880.17
01/29/2014,1879.2
01/30/2014,1892.04
01/31/2014,1884.46
02/03/2014,1895.37
02/04/2014,1858.48
02/05/2014,1853.87
02/06/2014,1867.6
02/07/2014,1898.54
02/10/2014,1920.22
02/11/2014,1935.5
02/12/2014,1961.13
02/13/2014,1954.53
02/14/2014,1987.6
02/17/2014,0
02/18/2014,2000.02
02/19/2014,2005.09
02/20/2014,2004.08
02/21/2014,2023.53
02/24/2014,2019.92
02/25/2014,2027.53
02/26/2014,2025.03
02/27/2014,2026.36
02/28/2014,2031.44
03/03/2014,1999.39
03/04/2014,2030.83
03/05/2014,2041.87
03/06/2014,2048.78
03/07/2014,2054.07
03/10/2014,2036.91
03/11/2014,2035.82
03/12/2014,2010.66
03/13/2014,2032.01
03/14/2014,1986.87
03/17/2014,1994.8
03/18/2014,2007.46
03/19/2014,2030.33
03/20/2014,2019.85
03/21/2014,2050.08
03/24/2014,2029.11
03/25/2014,2020.75
03/26/2014,2032.31
03/27/2014,1990.01
03/28/2014,1991.25
03/31/2014,2005.36
04/01/2014,2025
04/02/2014,2054.22
04/03/2014,2051.87
04/04/2014,2047.31
04/07/2014,1970.01
04/08/2014,1959.4
04/09/2014,1992.49
04/10/2014,2007.68
04/11/2014,1924.14
04/14/2014,1938.01
04/15/2014,1946.18
04/16/2014,1966
04/17/2014,1970.01
04/18/2014,0
04/21/2014,1988.85
04/22/2014,1995.45
04/23/2014,2004.95
04/24/2014,2016.38
04/25/2014,1985.16
04/28/2014,1962.09
04/29/2014,1947.65
04/30/2014,1955.6
05/01/2014,1976.78
05/02/2014,1979.24
05/05/2014,1963.32
05/06/2014,1976.49
05/07/2014,1956.56
05/08/2014,1941.56
05/09/2014,1951.44
05/12/2014,1964.58
05/13/2014,1994.02
05/14/2014,1981.04
05/15/2014,1979.82
05/16/2014,1969.21
05/19/2014,1976.22
05/20/2014,1996.91
05/21/2014,1991.5
05/22/2014,2004.8
05/23/2014,2016.33
05/26/2014,0
05/27/2014,2040.53
05/28/2014,2056.47
05/29/2014,2055.54
05/30/2014,2062.67
06/02/2014,2065.72
06/03/2014,2055.49
06/04/2014,2055.65
06/05/2014,2069.76
06/06/2014,2095.35
06/09/2014,2105.39
06/10/2014,2101.33
06/11/2014,2106.33
06/12/2014,2106.16
06/13/2014,2116.18
06/16/2014,2111.01
06/17/2014,2119.91
06/18/2014,2137.8
06/19/2014,2144
06/20/2014,2137.58
06/23/2014,2137.75
06/24/2014,2135.43
06/25/2014,2126.19
06/26/2014,2139.97
06/27/2014,2130.52
06/30/2014,2146.78
07/01/2014,2159.05
07/02/2014,2175.86
07/03/2014,2184.72
07/04/2014,0
07/07/2014,2190.93
07/08/2014,2176.89
07/09/2014,2159.65
07/10/2014,2134.58
07/11/2014,2160.28
07/14/2014,2176.67
07/15/2014,2175.98
07/16/2014,2184.74
07/17/2014,2169.95
07/18/2014,2158.72
07/21/2014,2171.99
07/22/2014,2185.11
07/23/2014,2181.95
07/24/2014,2184.38
07/25/2014,2175.48
07/28/2014,2175.07
07/29/2014,2178.08
07/30/2014,2183.07
07/31/2014,2156.71
08/01/2014,2136.21
08/04/2014,2130.63
08/05/2014,2134.73
08/06/2014,2110.18
08/07/2014,2134.64
08/08/2014,2116.05
08/11/2014,2136.34
08/12/2014,2139.16
08/13/2014,2146.82
08/14/2014,2162.75
08/15/2014,2181.9
08/18/2014,2180.59
08/19/2014,2190.51
08/20/2014,2199.95
08/21/2014,2208.22
08/22/2014,2215.61
08/25/2014,2222.65
08/26/2014,2212.81
08/27/2014,2215.23
08/28/2014,2203.14
08/29/2014,2225.07
09/01/2014,0
09/02/2014,2231.18
09/03/2014,2237.88
09/04/2014,2237.04
09/05/2014,2240.07
09/08/2014,2255.59
09/09/2014,2259.41
09/10/2014,2245.42
09/11/2014,2244.26
09/12/2014,2252.64
09/15/2014,2242.03
09/16/2014,2211.45
09/17/2014,2236.71
09/18/2014,2253.27
09/19/2014,2277.52
09/22/2014,2242.48
09/23/2014,2215.59
09/24/2014,2218.12
09/25/2014,2234.58
09/26/2014,2202.87
09/29/2014,2196.57
09/30/2014,2222.48
10/01/2014,2210.74
10/02/2014,2170.66
10/03/2014,2180.38
10/06/2014,2191.32
10/07/2014,2161.68
10/08/2014,2137.82
10/09/2014,2168.58
10/10/2014,2094.02
10/13/2014,2030.28
10/14/2014,2023.44
10/15/2014,1977.63
10/16/2014,1980.11
10/17/2014,2053.82
10/20/2014,2040.31
10/21/2014,2087.92
10/22/2014,2140.27
10/23/2014,2129.37
10/24/2014,2147.96
10/27/2014,2163.99
10/28/2014,2182.37
10/29/2014,2198.51
10/30/2014,2195.36
10/31/2014,2259.25
11/03/2014,2264.38
11/04/2014,2268.85
11/05/2014,2288.2
11/06/2014,2284.37
11/07/2014,2287.92
11/10/2014,2279.07
11/11/2014,2291.7
11/12/2014,2284.31
11/13/2014,2298.67
11/14/2014,2296.71
11/17/2014,2308.43
11/18/2014,2310.11
11/19/2014,2321.86
11/20/2014,2301.81
11/21/2014,2349.04
11/24/2014,2347.34
11/25/2014,2364.35
11/26/2014,2360.57
11/27/2014,0
11/28/2014,2390.21
12/01/2014,2387.37
12/02/2014,2367.3
12/03/2014,2381.12
12/04/2014,2400.55
12/05/2014,2404.57
12/08/2014,2401.08
12/09/2014,2358.77
12/10/2014,2381.68
12/11/2014,2362.84
12/12/2014,2340.98
12/15/2014,2339.63
12/16/2014,2298.68
12/17/2014,2290.26
12/18/2014,2365.2
12/19/2014,2386.28
12/22/2014,2393.01
12/23/2014,2422.95
12/24/2014,2419.01
12/25/2014,0
12/26/2014,2419.1
12/29/2014,2412.8
12/30/2014,2397.27
12/31/2014,2399.08
01/01/2015,0
01/02/2015,2379.03
01/05/2015,2354.9
01/06/2015,2330.57
01/07/2015,2291.59
01/08/2015,2320.29
01/09/2015,2359.96
01/12/2015,2341.58
01/13/2015,2334.19
01/14/2015,2276.36
01/15/2015,2295.8
01/16/2015,2254.76
01/19/2015,0
01/20/2015,2304.39
01/21/2015,2296.33
01/22/2015,2315.07
01/23/2015,2335.3
01/26/2015,2331.14
01/27/2015,2298.13
01/28/2015,2306.61
01/29/2015,2248.55
01/30/2015,2252.97
02/02/2015,2236.37
02/03/2015,2251.26
02/04/2015,2278.4
02/05/2015,2293.48
02/06/2015,2304.13
02/09/2015,2281.47
02/10/2015,2296.97
02/11/2015,2326.89
02/12/2015,2344.55
02/13/2015,2379.41
02/16/2015,0
02/17/2015,2390.8
02/18/2015,2382.81
02/19/2015,2385.46
02/20/2015,2394.55
02/23/2015,2415.36
02/24/2015,2397.98
02/25/2015,2410.55
02/26/2015,2418.27
02/27/2015,2417.49
03/02/2015,2426.34
03/03/2015,2435.57
03/04/2015,2399.34
03/05/2015,2409.99
03/06/2015,2407.27
03/09/2015,2385.42
03/10/2015,2369.98
03/11/2015,2350.24
03/12/2015,2327.31
03/13/2015,2351.03
03/16/2015,2364.14
03/17/2015,2370.92
03/18/2015,2368.51
03/19/2015,2401
03/20/2015,2426.58
03/23/2015,2430.2
03/24/2015,2418.08
03/25/2015,2400.01
03/26/2015,2279.86
03/27/2015,2305.25
03/30/2015,2370.59
03/31/2015,2364.15
04/01/2015,2342.76
04/02/2015,2342.82
04/03/2015,0
04/06/2015,2319.14
04/07/2015,2353.28
04/08/2015,2353.5
04/09/2015,2365.54
04/10/2015,2387.62
04/13/2015,2404.18
04/14/2015,2387.71
04/15/2015,2389.75
04/16/2015,2390.07
04/17/2015,2375.89
04/20/2015,2378.23
04/21/2015,2420.55
04/22/2015,2417.89
04/23/2015,2403.2
04/24/2015,2423.69
04/27/2015,2411.18
04/28/2015,2409.08
04/29/2015,2391.29
04/30/2015,2386.05
05/01/2015,2387.48
05/04/2015,2413.63
05/05/2015,2397.56
05/06/2015,2374.47
05/07/2015,2362.76
05/08/2015,2387.02
05/11/2015,2389.77
05/12/2015,2376.63
05/13/2015,2377.91
05/14/2015,2402.62
05/15/2015,2424.05
05/18/2015,2414.09
05/19/2015,2428.86
05/20/2015,2415.25
05/21/2015,2407.42
05/22/2015,2420.62
05/25/2015,0
05/26/2015,2420.49
05/27/2015,2403.53
05/28/2015,2455.43
05/29/2015,2461.68
06/01/2015,2464.06
06/02/2015,2451.38
06/03/2015,2458.73
06/04/2015,2435.51
06/05/2015,2421.64
06/08/2015,2425.26
06/09/2015,2386.54
06/10/2015,2396.84
06/11/2015,2427.8
06/12/2015,2406.83
06/15/2015,2377.87
06/16/2015,2379.73
06/17/2015,2399.41
06/18/2015,2406.36
06/19/2015,2431.52
06/22/2015,2427.49
06/23/2015,2435.76
06/24/2015,2419.28
06/25/2015,2410.2
06/26/2015,2376.37
06/29/2015,2324.25
06/30/2015,2316.46
07/01/2015,2318.8
07/02/2015,2312.69
07/03/2015,0
07/06/2015,2289
07/07/2015,2283.81
07/08/2015,2267.16
07/09/2015,2282.27
07/10/2015,2266.28
07/13/2015,2281.76
07/14/2015,2304.33
07/15/2015,2310.88
07/16/2015,2308.59
07/17/2015,2314.84
07/20/2015,2325.24
07/21/2015,2314.91
07/22/2015,2287.01
07/23/2015,2302.91
07/24/2015,2317.88
07/27/2015,2264
07/28/2015,2256.5
07/29/2015,2275.32
07/30/2015,2295.32
07/31/2015,2316.14
08/03/2015,2301.3
08/04/2015,2291.86
08/05/2015,2301.7
08/06/2015,2317.34
08/07/2015,2283.36
08/10/2015,2309.64
08/11/2015,2316.57
08/12/2015,2265.73
08/13/2015,2298
08/14/2015,2280.3
08/17/2015,2276.79
08/18/2015,2298.7
08/19/2015,2275.6
08/20/2015,2237.26
08/21/2015,2158.32
08/24/2015,1977.56
08/25/2015,2107
08/26/2015,2080.23
08/27/2015,2145.99
08/28/2015,2167.14
08/31/2015,2166.7
09/01/2015,2115.84
09/02/2015,2136.07
09/03/2015,2152.01
09/04/2015,2118.98
09/07/2015,0
09/08/2015,2165.78
09/09/2015,2209.13
09/10/2015,2157.13
09/11/2015,2161.31
09/14/2015,2186.2
09/15/2015,2184.88
09/16/2015,2198.74
09/17/2015,2210.8
09/18/2015,2170.04
09/21/2015,2174.24
09/22/2015,2141.92
09/23/2015,2135.81
09/24/2015,2106.26
09/25/2015,2140.12
09/28/2015,2110.52
09/29/2015,2072.26
09/30/2015,2103.55
10/01/2015,2136.37
10/02/2015,2095.91
10/05/2015,2178.26
10/06/2015,2200.8
10/07/2015,2225.61
10/08/2015,2224.33
10/09/2015,2244.48
10/12/2015,2257.46
10/13/2015,2241.4
10/14/2015,2247.53
10/15/2015,2264.83
10/16/2015,2275.66
10/19/2015,2279.23
10/20/2015,2286.15
10/21/2015,2301.67
10/22/2015,2299.92
10/23/2015,2361.86
10/26/2015,2370.69
10/27/2015,2349.43
10/28/2015,2354.02
10/29/2015,2341.91
10/30/2015,2338.14
11/02/2015,2349.56
11/03/2015,2360.41
11/04/2015,2373.35
11/05/2015,2378.67
11/06/2015,2368.45
11/09/2015,2378.01
11/10/2015,2343.74
11/11/2015,2351.09
11/12/2015,2324.5
11/13/2015,2302.1
11/16/2015,2271.94
11/17/2015,2302.69
11/18/2015,2306
11/19/2015,2333.56
11/20/2015,2348.2
11/23/2015,2344.39
11/24/2015,2324.87
11/25/2015,2346.32
11/26/2015,0
11/27/2015,2344.89
11/30/2015,2358.83
12/01/2015,2378.43
12/02/2015,2403.32
12/03/2015,2400.39
12/04/2015,2359.04
12/07/2015,2394.53
12/08/2015,2355.2
12/09/2015,2372.51
12/10/2015,2344.8
12/11/2015,2324.95
12/14/2015,2305.82
12/15/2015,2315.26
12/16/2015,2344.3
12/17/2015,2362.44
12/18/2015,2303.43
12/21/2015,2292.3
12/22/2015,2311.29
12/23/2015,2323.25
12/24/2015,2336.49
12/25/2015,0
12/28/2015,2330.9
12/29/2015,2346.9
12/30/2015,2363.57
12/31/2015,2337.94
01/04/2016,2261.13
01/05/2016,2285.02
01/06/2016,2230.87
01/07/2016,2171.13
01/08/2016,2163.26
01/11/2016,2140.85
01/12/2016,2142.55
01/13/2016,2152.87
01/14/2016,2087.59
01/15/2016,2035.47
01/19/2016,2073.3
01/20/2016,2006.71
01/21/2016,2046.98
01/22/2016,2082.44
01/25/2016,2075.73
01/26/2016,2051.87
01/27/2016,2066.78
01/28/2016,2068.42
01/29/2016,2081.02
02/01/2016,2123.04
02/02/2016,2123.97
02/03/2016,2096.71
02/04/2016,2094.56
02/05/2016,2102.88
02/08/2016,1999.5
02/09/2016,1956.35
02/10/2016,1991.38
02/11/2016,1946.77
02/12/2016,1989.9
02/16/2016,2039.25
02/17/2016,2078.07
02/18/2016,2128.07
02/19/2016,2105.02
02/22/2016,2144.77
02/23/2016,2136.12
02/24/2016,2085.36
02/25/2016,2137.56
02/26/2016,2179.21
02/29/2016,2163.67
03/01/2016,2172.17
03/02/2016,2216.47
03/03/2016,2224.85
03/04/2016,2236.11
03/07/2016,2226.79
03/08/2016,2229.81
03/09/2016,2217.92
03/10/2016,2237.97
03/11/2016,2257.02
03/14/2016,2266.08
03/15/2016,2263.03
03/16/2016,2251.6
03/17/2016,2281.76
03/18/2016,2305.24
03/21/2016,2317.37
03/22/2016,2318.84
03/23/2016,2335.66
03/24/2016,2288.18
03/28/2016,2303.49
03/29/2016,2284.5
03/30/2016,2337.53
03/31/2016,2334.42
04/01/2016,2323.7
04/04/2016,2350.99
04/05/2016,2317.85
04/06/2016,2309.13
04/07/2016,2325.26
04/08/2016,2323.61
04/11/2016,2325.04
04/12/2016,2310.35
04/13/2016,2319.3
04/14/2016,2328.49
04/15/2016,2316.98
04/18/2016,2297.37
04/19/2016,2325.76
04/20/2016,2301.6
04/21/2016,2323.11
04/22/2016,2299.48
04/25/2016,2289.02
04/26/2016,2306.88
04/27/2016,2301.13
04/28/2016,2310.36
04/29/2016,2262.6
05/02/2016,2229.2
05/03/2016,2214.69
05/04/2016,2194.88
05/05/2016,2202.74
05/06/2016,2178.35
05/09/2016,2196.33
05/10/2016,2202.56
05/11/2016,2220.95
05/12/2016,2223.9
05/13/2016,2199.79
05/16/2016,2208.54
05/17/2016,2233.15
05/18/2016,2218.09
05/19/2016,2238.73
05/20/2016,2256.16
05/23/2016,2288.24
05/24/2016,2304.26
05/25/2016,2356.01
05/26/2016,2351.52
05/27/2016,2363.87
05/31/2016,2388.3
06/01/2016,2378.17
06/02/2016,2385.9
06/03/2016,2395.13
06/06/2016,2387.75
06/07/2016,2392.66
06/08/2016,2398.84
06/09/2016,2384.8
06/10/2016,2374.11
06/13/2016,2343.38
06/14/2016,2339.05
06/15/2016,2353.91
06/16/2016,2329.99
06/17/2016,2343.91
06/20/2016,2369.32
06/21/2016,2367.39
06/22/2016,2374.48
06/23/2016,2395.95
06/24/2016,2321.48
06/27/2016,2277.75
06/28/2016,2249.34
06/29/2016,2298.28
06/30/2016,2334.43
07/01/2016,2350.97
07/05/2016,2333.97
07/06/2016,2302.76
07/07/2016,2338.67
07/08/2016,2367.74
07/11/2016,2410.76
07/12/2016,2453.45
07/13/2016,2468.51
07/14/2016,2482.7
07/15/2016,2472.43
07/18/2016,2476.21
07/19/2016,2484.1
07/20/2016,2491.23
07/21/2016,2512.28
07/22/2016,2494.85
07/25/2016,2515.15
07/26/2016,2527.37
07/27/2016,2578.99
07/28/2016,2562
07/29/2016,2560.07
08/01/2016,2548.58
08/02/2016,2545.36
08/03/2016,2508.37
08/04/2016,2527.28
08/05/2016,2555.31
08/08/2016,2584.21
08/09/2016,2580.23
08/10/2016,2584.69
08/11/2016,2580.97
08/12/2016,2591.38
08/15/2016,2612.82
08/16/2016,2627.17
08/17/2016,2623.2
08/18/2016,2624.78
08/19/2016,2647.16
08/22/2016,2658.26
08/23/2016,2674.02
08/24/2016,2670.83
08/25/2016,2652.35
08/26/2016,2671.39
08/29/2016,2691.25
08/30/2016,2696.28
08/31/2016,2682.48
09/01/2016,2680.1
09/02/2016,2708.95
09/06/2016,2707.48
09/07/2016,2724.33
09/08/2016,2711.48
09/09/2016,2684.59
09/12/2016,2606.61
09/13/2016,2662.64
09/14/2016,2650.82
09/15/2016,2663.16
09/16/2016,2714.2
09/19/2016,2718.14
09/20/2016,2717.96
09/21/2016,2716.25
09/22/2016,2762.15
09/23/2016,2747.46
09/26/2016,2709.79
09/27/2016,2708.8
09/28/2016,2753.45
09/29/2016,2749.11
09/30/2016,2762.3
10/03/2016,2774.89
10/04/2016,2776.79
10/05/2016,2775.97
10/06/2016,2786.28
10/07/2016,2793.9
10/10/2016,2797.29
10/11/2016,2787.13
10/12/2016,2728.2
10/13/2016,2704.52
10/14/2016,2727.61
10/17/2016,2717.16
10/18/2016,2742.33
10/19/2016,2726.13
10/20/2016,2736.82
10/21/2016,2738.47
10/24/2016,2758.5
10/25/2016,2777.49
10/26/2016,2762.58
10/27/2016,2794.97
10/28/2016,2782.7
10/31/2016,2784.83
11/01/2016,2780.01
11/02/2016,2741.32
11/03/2016,2712.22
11/04/2016,2678.45
11/07/2016,2732.13
11/08/2016,2758.13
11/09/2016,2693.6
11/10/2016,2770.45
11/11/2016,2730.18
11/14/2016,2766.16
11/15/2016,2754.96
11/16/2016,2770.23
11/17/2016,2805.41
11/18/2016,2830.08
11/21/2016,2835.94
11/22/2016,2857.52
11/23/2016,2851.89
11/25/2016,2851.26
11/28/2016,2862.22
11/29/2016,2857.15
11/30/2016,2862.75
12/01/2016,2838.82
12/02/2016,2734.32
12/05/2016,2778.72
12/06/2016,2795.71
12/07/2016,2812.95
12/08/2016,2872.5
12/09/2016,2892.15
12/12/2016,2860.8
12/13/2016,2863.94
12/14/2016,2894.95
12/15/2016,2884.32
12/16/2016,2913.44
12/19/2016,2882.09
12/20/2016,2909.3
12/21/2016,2909.98
12/22/2016,2924.83
12/23/2016,2908.1
12/27/2016,2927.2
12/28/2016,2951.2
12/29/2016,2898.61
12/30/2016,2910.15
01/03/2017,2890.72
01/04/2017,2896.49
01/05/2017,2902.81
01/06/2017,2910.08
01/09/2017,2936.76
01/10/2017,2953.2
01/11/2017,2957.76
01/12/2017,2959.16
01/13/2017,2965.27
01/17/2017,2970.03
01/18/2017,2963.96
01/19/2017,2982.05
01/20/2017,2994.27
01/23/2017,2995.48
01/24/2017,3018.19
01/25/2017,3083.33
01/26/2017,3083.53
01/27/2017,3080.3
01/30/2017,3082.77
01/31/2017,3070.77
02/01/2017,3090.89
02/02/2017,3067.12
02/03/2017,3105.05
02/06/2017,3109.1
02/07/2017,3123.9
02/08/2017,3130.01
02/09/2017,3137.36
02/10/2017,3134.36
02/13/2017,3138.5
02/14/2017,3135.56
02/15/2017,3137.36
02/16/2017,3167.96
02/17/2017,3166.37
02/21/2017,3192.74
02/22/2017,3201.56
02/23/2017,3210.81
02/24/2017,3160.4
02/27/2017,3190.62
02/28/2017,3199.88
03/01/2017,3216.42
03/02/2017,3229.85
03/03/2017,3206.04
03/06/2017,3197.44
03/07/2017,3200.92
03/08/2017,3210.04
03/09/2017,3203.39
03/10/2017,3227.02
03/13/2017,3234.03
03/14/2017,3250.28
03/15/2017,3247.38
03/16/2017,3273.35
03/17/2017,3277.03
03/20/2017,3273.28
03/21/2017,3291.9
03/22/2017,3211.97
03/23/2017,3242.1
03/24/2017,3278.93
03/27/2017,3230.65
03/28/2017,3260.11
03/29/2017,3270.39
03/30/2017,3274.7
03/31/2017,3278.71
04/03/2017,3277.1
04/04/2017,3248.9
04/05/2017,3268.11
04/06/2017,3243.87
04/07/2017,3252.27
04/10/2017,3264
04/11/2017,3249.08
04/12/2017,3239.73
04/13/2017,3203.95
04/17/2017,3213.6
04/18/2017,3219.21
04/19/2017,3254.98
04/20/2017,3265.18
04/21/2017,3280.89
04/24/2017,3322.41
04/25/2017,3341.54
04/26/2017,3339.86
04/27/2017,3334.9
04/28/2017,3351.17
05/01/2017,3345.3
05/02/2017,3369.89
05/03/2017,3354.43
05/04/2017,3366.3
05/05/2017,3369.22
05/08/2017,3376.36
05/09/2017,3381.89
05/10/2017,3416.2
05/11/2017,3414.17
05/12/2017,3427.44
05/15/2017,3438.39
05/16/2017,3470.69
05/17/2017,3447.84
05/18/2017,3358.16
05/19/2017,3430.09
05/22/2017,3455.12
05/23/2017,3484.35
05/24/2017,3499
05/25/2017,3506.64
05/26/2017,3516.09
05/30/2017,3522.09
05/31/2017,3558.88
06/01/2017,3537.83
06/02/2017,3559.37
06/05/2017,3574.04
06/06/2017,3564.03
06/07/2017,3588.75
06/08/2017,3625.15
06/09/2017,3645.38
06/12/2017,3459.86
06/13/2017,3523.93
06/14/2017,3530.56
06/15/2017,3437.32
06/16/2017,3460.87
06/19/2017,3488.39
06/20/2017,3516.21
06/21/2017,3508.39
06/22/2017,3533.47
06/23/2017,3522.24
06/26/2017,3569.43
06/27/2017,3501.82
06/28/2017,3459.1
06/29/2017,3471.2
06/30/2017,3429.28
07/03/2017,3422.78
07/05/2017,3379.68
07/06/2017,3382.73
07/07/2017,3403.67
07/10/2017,3438.71
07/11/2017,3461.06
07/12/2017,3520.83
07/13/2017,3537.92
07/14/2017,3545
07/17/2017,3573.05
07/18/2017,3554.04
07/19/2017,3590.06
07/20/2017,3602.84
07/21/2017,3587.32
07/24/2017,3584.83
07/25/2017,3554.94
07/26/2017,3573.56
07/27/2017,3583.01
07/28/2017,3513.96
07/31/2017,3531.41
08/01/2017,3511.52
08/02/2017,3528.13
08/03/2017,3487.96
08/04/2017,3493.48
08/07/2017,3492.28
08/08/2017,3514.63
08/09/2017,3487.34
08/10/2017,3478.01
08/11/2017,3408.13
08/14/2017,3478.59
08/15/2017,3514.86
08/16/2017,3522.81
08/17/2017,3513.37
08/18/2017,3460.5
08/21/2017,3456.46
08/22/2017,3468.12
08/23/2017,3480.76
08/24/2017,3507.43
08/25/2017,3512.88
08/28/2017,3504.31
08/29/2017,3460.18
08/30/2017,3516.07
08/31/2017,3565.33
09/01/2017,3597.97
09/05/2017,3584.84
09/06/2017,3571.5
09/07/2017,3573.86
09/08/2017,3587.13
09/11/2017,3586.54
09/12/2017,3619.93
09/13/2017,3624.21
09/14/2017,3616.36
09/15/2017,3631.18
09/18/2017,3680.65
09/19/2017,3699.27
09/20/2017,3690.95
09/21/2017,3653.42
09/22/2017,3626.76
09/25/2017,3641.6
09/26/2017,3627.16
09/27/2017,3642.05
09/28/2017,3654.45
09/29/2017,3682.36
10/02/2017,3721.71
10/03/2017,3729.15
10/04/2017,3722.28
10/05/2017,3742.78
10/06/2017,3740.96
10/09/2017,3774.2
10/10/2017,3796.18
10/11/2017,3780.75
10/12/2017,3797.93
10/13/2017,3822.11
10/16/2017,3844.55
10/17/2017,3839.16
10/18/2017,3844.34
10/19/2017,3830.9
10/20/2017,3889.79
10/23/2017,3924.66
10/24/2017,3902.54
10/25/2017,3905.88
10/26/2017,3901.8
10/27/2017,3900.75
10/30/2017,3932.99
10/31/2017,3940.43
11/01/2017,3978.76
11/02/2017,3929.3
11/03/2017,3957.15
11/06/2017,4000
11/07/2017,4007.81
11/08/2017,4000.19
11/09/2017,3989.44
11/10/2017,3961.64
11/13/2017,3961.83
11/14/2017,3969.79
11/15/2017,3965.04
11/16/2017,3986.61
11/17/2017,4053.62
11/20/2017,4035.8
11/21/2017,4060.8
11/22/2017,4081.55
11/24/2017,4076.96
11/27/2017,4063.74
11/28/2017,4064.98
11/29/2017,4041.13
11/30/2017,3941.9
12/01/2017,3918.82
12/04/2017,3940.66
12/05/2017,3832.76
12/06/2017,3827.34
12/07/2017,3883.85
12/08/2017,3936.26
12/11/2017,3907.29
12/12/2017,3918.46
12/13/2017,3933.59
12/14/2017,3932.44
12/15/2017,3922.86
12/18/2017,4000.52
12/19/2017,4007.72
12/20/2017,4025.57
12/21/2017,4007.97
12/22/2017,3972.63
12/26/2017,3939.68
12/27/2017,3946.29
12/28/2017,3966.48
12/29/2017,3956.12
01/02/2018,3943.1
01/03/2018,4002.48
01/04/2018,4064.29
01/05/2018,4088.35
01/08/2018,4112.12
01/09/2018,4131.23
01/10/2018,4082.38
01/11/2018,4095.73
01/12/2018,4108.58
01/16/2018,4166.6
01/17/2018,4155.31
01/18/2018,4195.1
01/19/2018,4223.4
01/22/2018,4223.22
01/23/2018,4262.43
01/24/2018,4268.63
01/25/2018,4265.91
01/26/2018,4228.14
01/29/2018,4263.43
01/30/2018,4204.85
01/31/2018,4229.96
02/01/2018,4192.79
02/02/2018,4155.62
02/05/2018,4049.02
02/06/2018,3870.22
02/07/2018,4005.99
02/08/2018,3969.59
02/09/2018,3865.09
02/12/2018,3928.36
02/13/2018,3937.61
02/14/2018,3955.99
02/15/2018,4094.1
02/16/2018,4125.12
02/20/2018,4115.39
02/21/2018,4185.32
02/22/2018,4163.98
02/23/2018,4166.16
02/26/2018,4240.05
02/27/2018,4277.98
02/28/2018,4262.45
03/01/2018,4217.81
03/02/2018,4104.27
03/05/2018,4190.1
03/06/2018,4296.62
03/07/2018,4299.84
03/08/2018,4376.07
03/09/2018,4406.62
03/12/2018,4484.96
03/13/2018,4526.38
03/14/2018,4458.6
03/15/2018,4449.23
03/16/2018,4462.05
03/19/2018,4404.04
03/20/2018,4365.71
03/21/2018,4368.82
03/22/2018,4309.46
03/23/2018,4247.68
03/26/2018,4212.33
03/27/2018,4301.64
03/28/2018,4120.77
03/29/2018,4109.89
04/02/2018,4120.53
04/03/2018,4068.68
04/04/2018,3985.65
04/05/2018,4168.23
04/06/2018,4066.16
04/09/2018,4048.5
04/10/2018,4132.65
04/11/2018,4120.39
04/12/2018,4166.3
04/13/2018,4232.93
04/16/2018,4197.67
04/17/2018,4232.65
04/18/2018,4260.79
04/19/2018,4209.58
04/20/2018,4151.07
04/23/2018,4126.63
04/24/2018,4124.44
04/25/2018,4036.79
04/26/2018,4095.29
04/27/2018,4152.53
04/30/2018,4110.65
05/01/2018,4050.87
05/02/2018,4113
05/03/2018,4058.7
05/04/2018,4080.34
05/07/2018,4193.72
05/08/2018,4207.23
05/09/2018,4246.19
05/10/2018,4307.86
05/11/2018,4299.34
05/14/2018,4329.44
05/15/2018,4283.48
05/16/2018,4283.01
05/17/2018,4296.13
05/18/2018,4259.82
05/21/2018,4296.81
05/22/2018,4294.32
05/23/2018,4231.5
05/24/2018,4288.8
05/25/2018,4290.12
05/29/2018,4275.68
05/30/2018,4297.3
05/31/2018,4290.77
06/01/2018,4309.2
06/04/2018,4367.06
06/05/2018,4410.84
06/06/2018,4424.64
06/07/2018,4432.84
06/08/2018,4352.42
06/11/2018,4378.6
06/12/2018,4392.83
06/13/2018,4411.45
06/14/2018,4412.04
06/15/2018,4400.18
06/18/2018,4372.92
06/19/2018,4334.4
06/20/2018,4385.76
06/21/2018,4401.06
06/22/2018,4354.91
06/25/2018,4256.11
06/26/2018,4220.97
06/27/2018,4241.63
06/28/2018,4128.8
06/29/2018,4200.74
07/02/2018,4148.91
07/03/2018,4246.73
07/05/2018,4214.82
07/06/2018,4253.06
07/09/2018,4332.21
07/10/2018,4340.42
07/11/2018,4300.18
07/12/2018,4331.94
07/13/2018,4394.46
07/16/2018,4382.88
07/17/2018,4341.36
07/18/2018,4423.9
07/19/2018,4413.25
07/20/2018,4401.62
07/23/2018,4365.71
07/24/2018,4415.13
07/25/2018,4366.1
07/26/2018,4404.99
07/27/2018,4433.92
07/30/2018,4367.71
07/31/2018,4325.77
08/01/2018,4318.03
08/02/2018,4267.27
08/03/2018,4352.7
08/06/2018,4356.42
08/07/2018,4401.89
08/08/2018,4403.02
08/09/2018,4387.65
08/10/2018,4308.65
08/13/2018,4312.54
08/14/2018,4306.74
08/15/2018,4254.12
08/16/2018,4284.76
08/17/2018,4229.65
08/20/2018,4266.59
08/21/2018,4275.2
08/22/2018,4282.27
08/23/2018,4319.22
08/24/2018,4356.65
08/27/2018,4410.16
08/28/2018,4437.35
08/29/2018,4436.41
08/30/2018,4437.77
08/31/2018,4403.27
09/04/2018,4391.25
09/05/2018,4378.93
09/06/2018,4332.71
09/07/2018,4256.75
09/10/2018,4286.49
09/11/2018,4252.89
09/12/2018,4229.7
09/13/2018,4281.75
09/14/2018,4310.24
09/17/2018,4294.68
09/18/2018,4251.94
09/19/2018,4285.06
09/20/2018,4305.59
09/21/2018,4336.8
09/24/2018,4297.88
09/25/2018,4326.78
09/26/2018,4297.53
09/27/2018,4298.15
09/28/2018,4295.51
10/01/2018,4342.45
10/02/2018,4313.32
10/03/2018,4332.76
10/04/2018,4302.09
10/05/2018,4239.13
10/08/2018,4153.92
10/09/2018,4123.87
10/10/2018,4064.16
10/11/2018,3953.5
10/12/2018,4017.47
10/15/2018,3980.69
10/16/2018,4012.98
10/17/2018,4108.95
10/18/2018,4058.99
10/19/2018,4017.58
10/22/2018,3988.5
10/23/2018,3898.11
10/24/2018,3945.89
10/25/2018,3832.96
10/26/2018,3751.21
10/29/2018,3867.65
10/30/2018,3741.33
10/31/2018,3875.11
11/01/2018,3906.66
11/02/2018,4019.05
11/05/2018,3966.1
11/06/2018,3957.53
11/07/2018,4053.67
11/08/2018,4060.72
11/09/2018,4025.57
11/12/2018,3944.58
11/13/2018,3882.87
11/14/2018,3927.44
11/15/2018,3871.37
11/16/2018,3923.94
11/19/2018,3956.79
11/20/2018,3739.57
11/21/2018,3856.66
11/23/2018,3808.53
11/26/2018,3893.17
11/27/2018,3888.31
11/28/2018,3944.95
11/29/2018,3990.37
11/30/2018,3988.34
12/03/2018,4134.75
12/04/2018,4095
12/06/2018,3857.62
12/07/2018,3934.41
12/10/2018,3811.99
12/11/2018,3933.08
12/12/2018,3947.79
12/13/2018,3955.63
12/14/2018,3864.9
12/17/2018,3824.74
12/18/2018,3789.82
12/19/2018,3766.29
12/20/2018,3667.56
12/21/2018,3678.12
12/24/2018,3510.39
12/26/2018,3494.81
12/27/2018,3591.71
12/28/2018,3700.04
12/31/2018,3725.04
01/02/2019,3628.18
01/03/2019,3652.34
01/04/2019,3611.82
01/07/2019,3718.23
01/08/2019,3801.13
01/09/2019,3815.68
01/10/2019,3822.72
01/11/2019,3852.18
01/14/2019,3831
01/15/2019,3848.76
01/16/2019,3869.47
01/17/2019,3833.36
01/18/2019,3922.49
01/22/2019,3935.92
01/23/2019,3898.55
01/24/2019,3925.03
01/25/2019,4048.41
01/28/2019,3989.51
01/29/2019,4040.98
01/30/2019,4040.18
01/31/2019,4106.85
02/01/2019,4151.72
02/04/2019,4186.75
02/05/2019,4230.11
02/06/2019,4290.6
02/07/2019,4261.54
02/08/2019,4182.79
02/11/2019,4264.22
02/12/2019,4294.02
02/13/2019,4351.36
02/14/2019,4305.36
02/15/2019,4360.6
02/19/2019,4338.7
02/20/2019,4366.58
02/21/2019,4357.51
02/22/2019,4365.24
02/25/2019,4446.53
02/26/2019,4410.2
02/27/2019,4386.5
02/28/2019,4355.02
03/01/2019,4413.74
03/04/2019,4425.79
03/05/2019,4374.73
03/06/2019,4370.86
03/07/2019,4305.2
03/08/2019,4216.19
03/11/2019,4306.82
03/12/2019,4388.38
03/13/2019,4417.72
03/14/2019,4408.83
03/15/2019,4434.19
03/18/2019,4473.05
03/19/2019,4489.99
03/20/2019,4501.29
03/21/2019,4482.79
03/22/2019,4581.35
03/25/2019,4452.94
03/26/2019,4495.6
03/27/2019,4488.09
03/28/2019,4433.09
03/29/2019,4475.91
04/01/2019,4554.98
04/02/2019,4596.77
04/03/2019,4660.3
04/04/2019,4683.3
04/05/2019,4690.49
04/08/2019,4692.85
04/09/2019,4707.08
04/10/2019,4694.05
04/11/2019,4729.88
04/12/2019,4756.36
04/15/2019,4766.59
04/16/2019,4772.36
04/17/2019,4862.51
04/18/2019,4814.6
04/22/2019,4795.93
04/23/2019,4834.54
04/24/2019,4874.99
04/25/2019,4891.15
04/26/2019,4795.53
04/29/2019,4841.84
04/30/2019,4835.67
05/01/2019,4905.25
05/02/2019,4821.26
05/03/2019,4841.09
05/06/2019,4711.33
05/07/2019,4734.07
05/08/2019,4653.14
05/09/2019,4585.82
05/10/2019,4589.12
05/13/2019,4490.78
05/14/2019,4470.65
05/15/2019,4484.42
05/16/2019,4552.68
05/17/2019,4523.25
05/20/2019,4408.05
05/21/2019,4450
05/22/2019,4410.81
05/23/2019,4338.02
05/24/2019,4363.88
05/28/2019,4344.17
05/29/2019,4263.54
05/30/2019,4295.2
05/31/2019,4247.3
06/03/2019,4255.18
06/04/2019,4230.68
06/05/2019,4359.99
06/06/2019,4338.55
06/07/2019,4398.04
06/10/2019,4485.72
06/11/2019,4575.91
06/12/2019,4487.38
06/13/2019,4478.9
06/14/2019,4406.04
06/17/2019,4419.07
06/18/2019,4455.8
06/19/2019,4540.6
06/20/2019,4635.58
06/21/2019,4590.75
06/24/2019,4592.85
06/25/2019,4586.91
06/26/2019,4575.17
06/27/2019,4610.87
06/28/2019,4667.95
07/01/2019,4814.3
07/02/2019,4753.73
07/03/2019,4768.48
07/05/2019,4729.66
07/08/2019,4722.86
07/09/2019,4704.75
07/10/2019,4804.3
07/11/2019,4826.71
07/12/2019,4839
07/15/2019,4874.35
07/16/2019,4857.29
07/17/2019,4837.99
07/18/2019,4812.64
07/19/2019,4883.89
07/22/2019,4866.72
07/23/2019,4923.34
07/24/2019,4956.97
07/25/2019,4989.89
07/26/2019,4992.14
07/29/2019,4963.93
07/30/2019,4906.71
07/31/2019,4917.31
08/01/2019,4821.15
08/02/2019,4695.55
08/05/2019,4525.94
08/06/2019,4530.69
08/07/2019,4480.18
08/08/2019,4607.55
08/09/2019,4660.71
08/12/2019,4598.51
08/13/2019,4556.39
08/14/2019,4585.95
08/15/2019,4550.69
08/16/2019,4572.37
08/19/2019,4712.44
08/20/2019,4690.71
08/21/2019,4710.97
08/22/2019,4718.98
08/23/2019,4669.02
08/26/2019,4600.77
08/27/2019,4631.84
08/28/2019,4547.07
08/29/2019,4654.85
08/30/2019,4715.39
09/03/2019,4652.07
09/04/2019,4705.54
09/05/2019,4812.64
09/06/2019,4856.1
09/09/2019,4883.44
09/10/2019,4833.14
09/11/2019,4866.33
09/12/2019,4941.75
09/13/2019,4920.92
09/16/2019,4854.95
09/17/2019,4870.73
09/18/2019,4887.84
09/19/2019,4904.62
09/20/2019,4879.84
09/23/2019,4810.44
09/24/2019,4853.31
09/25/2019,4730.01
09/26/2019,4825.09
09/27/2019,4821.2
09/30/2019,4747.6
10/01/2019,4800.04
10/02/2019,4672.11
10/03/2019,4648.34
10/04/2019,4737.42
10/07/2019,4774.02
10/08/2019,4715
10/09/2019,4701.48
10/10/2019,4708.95
10/11/2019,4831.75
10/14/2019,4835.49
10/15/2019,4862.96
10/16/2019,4875.63
10/17/2019,4898.25
10/18/2019,4851.88
10/21/2019,4850.21
10/22/2019,4889.89
10/23/2019,4764.37
10/24/2019,4835.01
10/25/2019,4883.37
10/28/2019,4960.35
10/29/2019,4993.98
10/30/2019,4979.81
10/31/2019,4960.72
11/01/2019,4970.83
11/04/2019,5074.05
11/05/2019,5105.43
11/06/2019,5072.23
11/07/2019,5115.96
11/08/2019,5079.92
11/11/2019,5087.96
11/12/2019,5124.57
11/13/2019,5092.85
11/14/2019,5105.69
11/15/2019,5160.63
11/18/2019,5152.98
11/19/2019,5186.38
11/20/2019,5137.39
11/21/2019,5096.57
11/22/2019,5103.7
11/25/2019,5124.13
11/26/2019,5176.02
11/27/2019,5195.57
11/29/2019,5198.2
12/02/2019,5190.34
12/03/2019,5010.05
12/04/2019,5092.3
12/05/2019,5111.43
12/06/2019,5154.63
12/09/2019,5162.33
12/10/2019,5155.92
12/11/2019,5165.84
12/12/2019,5207.8
12/13/2019,5299.63
12/16/2019,5359.74
12/17/2019,5386.77
12/18/2019,5375.94
12/19/2019,5398
12/20/2019,5433.34
12/23/2019,5478.17
12/24/2019,5475.09
12/26/2019,5483.12
12/27/2019,5510.97
12/30/2019,5474.24
12/31/2019,5421.14
01/02/2020,5515.02
01/03/2020,5484.94
01/06/2020,5446.62
01/07/2020,5532.54
01/08/2020,5560.81
01/09/2020,5647.86
01/10/2020,5665.48
01/13/2020,5650.16
01/14/2020,5678.1
01/15/2020,5666.39
01/16/2020,5683.73
01/17/2020,5740.79
01/21/2020,5709.7
01/22/2020,5770.92
01/23/2020,5761.56
01/24/2020,5846.38
01/27/2020,5571.25
01/28/2020,5626.25
01/29/2020,5680.36
01/30/2020,5567.16
01/31/2020,5561.49
02/03/2020,5498.69
02/04/2020,5675.34
02/05/2020,5812.33
02/06/2020,5783.49
02/07/2020,5764.82
02/10/2020,5690.25
02/11/2020,5841.13
02/12/2020,5893.75
02/13/2020,5855.64
02/14/2020,5937.44
02/18/2020,5840.07
02/19/2020,5919.94
02/20/2020,5929.75
02/21/2020,5834.77
02/24/2020,5466.68
02/25/2020,5545.37
02/26/2020,5364.17
02/27/2020,5149.61
02/28/2020,4903.32
03/02/2020,5189.26
03/03/2020,5308.14
03/04/2020,5227.14
03/05/2020,5209.36
03/06/2020,5031.31
03/09/2020,4689.54
03/10/2020,4853.29
03/11/2020,4786.96
03/12/2020,4348.96
03/13/2020,4504.49
03/16/2020,4322.44
03/17/2020,4139.58
03/18/2020,4057.98
03/19/2020,4063.65
03/20/2020,4261.57
03/23/2020,4057.34
03/24/2020,4332.85
03/25/2020,4479.19
03/26/2020,4500
03/27/2020,4562.49
03/30/2020,4556.37
03/31/2020,4667.55
04/01/2020,4434.91
04/02/2020,4336.92
04/03/2020,4447.49
04/06/2020,4578.61
04/07/2020,4929.57
04/08/2020,4817.59
04/09/2020,4953.86
04/13/2020,4840.43
04/14/2020,5001.91
04/15/2020,4990.65
04/16/2020,5057.26
04/17/2020,5179.81
04/20/2020,5084.48
04/21/2020,5004.56
04/22/2020,4990.72
04/23/2020,5063.9
04/24/2020,5054.03
04/27/2020,5195.47
04/28/2020,5282.14
04/29/2020,5225.07
04/30/2020,5316.64
05/01/2020,5089.35
05/04/2020,4977.3
05/05/2020,5121.42
05/06/2020,5191.01
05/07/2020,5261.61
05/08/2020,5290.97
05/11/2020,5311.86
05/12/2020,5391.38
05/13/2020,5236.36
05/14/2020,5076.1
05/15/2020,5107.47
05/18/2020,5306.84
05/19/2020,5377.82
05/20/2020,5461.47
05/21/2020,5505.96
05/22/2020,5420.59
05/26/2020,5575.03
05/27/2020,5491.51
05/28/2020,5527.1
05/29/2020,5516.65
06/01/2020,5585.01
06/02/2020,5621.62
06/03/2020,5741.31
06/04/2020,5751.84
06/05/2020,5832.49
06/08/2020,5911.33
06/09/2020,5887.55
06/10/2020,5946.41
06/11/2020,5797.87
06/12/2020,5728.35
06/15/2020,5551.19
06/16/2020,5895.48
06/17/2020,5888.63
06/18/2020,5865.28
06/19/2020,5950.74
06/22/2020,5865.66
06/23/2020,5968.26
06/24/2020,5917.7
06/25/2020,5804.89
06/26/2020,5863.79
06/29/2020,5796.61
06/30/2020,5857.42
07/01/2020,5951.41
07/02/2020,6010.91
07/06/2020,6100.41
07/07/2020,6105.61
07/08/2020,6114.07
07/09/2020,6194.92
07/10/2020,6215.08
07/13/2020,6277.04
07/14/2020,6004.52
07/15/2020,6157.37
07/16/2020,6070.58
07/17/2020,6119.23
07/20/2020,6153.37
07/21/2020,6335.73
07/22/2020,6272.08
07/23/2020,6251.65
07/24/2020,6059.28
07/27/2020,6093.18
07/28/2020,6147.19
07/29/2020,6136.8
07/30/2020,6152.75
07/31/2020,6291.09
08/03/2020,6348.79
08/04/2020,6408.8
08/05/2020,6429.56
08/06/2020,6387.5
08/07/2020,6388.97
08/10/2020,6330.07
08/11/2020,6302.73
08/12/2020,6266.99
08/13/2020,6341.77
08/14/2020,6326.35
08/17/2020,6343.34
08/18/2020,6401.04
08/19/2020,6397.95
08/20/2020,6310.81
08/21/2020,6376.19
08/24/2020,6474.69
08/25/2020,6462.9
08/26/2020,6550.2
08/27/2020,6624.59
08/28/2020,6595.24
08/31/2020,6640.63
09/01/2020,6691.49
09/02/2020,6869
09/03/2020,6791.23
09/04/2020,6493.23
09/08/2020,6186.49
09/09/2020,6262.69
09/10/2020,6340.04
09/11/2020,6245.28
09/14/2020,6271.42
09/15/2020,6351.19
09/16/2020,6394.19
09/17/2020,6123.21
09/18/2020,6273.8
09/21/2020,6058.77
09/22/2020,6205.34
09/23/2020,6267.55
09/24/2020,6069.5
09/25/2020,6139.72
09/28/2020,6349.81
09/29/2020,6399.26
09/30/2020,6375.01
10/01/2020,6487.35
10/02/2020,6381.87
10/05/2020,6398.12
10/06/2020,6484.07
10/07/2020,6499.33
10/08/2020,6595.77
10/09/2020,6692.5
10/12/2020,6789.88
10/13/2020,6863.94
10/14/2020,6855.69
10/15/2020,6688.62
10/16/2020,6811.94
10/19/2020,6811.16
10/20/2020,6725.55
10/21/2020,6713.33
10/22/2020,6684.66
10/23/2020,6645.32
10/26/2020,6589.2
10/27/2020,6579.19
10/28/2020,6422.26
10/29/2020,6332.46
10/30/2020,6375.16
11/02/2020,6376.76
11/03/2020,6400.05
11/04/2020,6654.84
11/05/2020,6892.85
11/06/2020,6942.48
11/09/2020,7123.37
11/10/2020,6829.52
11/11/2020,6804.23
11/12/2020,6909.38
11/13/2020,6911.07
11/16/2020,6930.88
11/17/2020,6963.49
11/18/2020,6955.91
11/19/2020,6849.73
11/20/2020,6981.12
11/23/2020,6958.02
11/24/2020,6989.62
11/25/2020,7046.91
11/27/2020,7083.27
11/30/2020,7129.94
12/01/2020,7215.94
12/02/2020,7224.98
12/03/2020,7245.16
12/04/2020,7289.38
12/07/2020,7401
12/08/2020,7410.41
12/09/2020,7427.72
12/10/2020,7218.42
12/11/2020,7227.67
12/14/2020,7292.2
12/15/2020,7408.47
12/16/2020,7453.46
12/17/2020,7520.65
12/18/2020,7536.79
12/21/2020,7433.45
12/22/2020,7525.69
12/23/2020,7580.18
12/24/2020,7506.46
12/28/2020,7595.92
12/29/2020,7537.81
12/30/2020,7502.5
12/31/2020,7541.79
01/04/2021,7589.09
01/05/2021,7449.96
01/06/2021,7427.86
01/07/2021,7519.16
01/08/2021,7761.11
01/11/2021,7688.17
01/12/2021,7754.44
01/13/2021,7806.44
01/14/2021,7846.66
01/15/2021,7821.69
01/19/2021,7836.26
01/20/2021,8009.71
01/21/2021,8025.2
01/22/2021,7982.63
01/25/2021,8035.17
01/26/2021,7959.26
01/27/2021,7695.27
01/28/2021,7646.66
01/29/2021,7702.45
02/01/2021,7687.63
02/02/2021,7927.79
02/03/2021,8007.33
02/04/2021,7864.8
02/05/2021,8002.12
02/08/2021,8051.14
02/09/2021,8115.32
02/10/2021,8243.79
02/11/2021,8274.96
02/12/2021,8366.29
02/16/2021,8531.52
02/17/2021,8370.47
02/18/2021,8241.98
02/19/2021,8358.68
02/22/2021,8285.71
02/23/2021,7939.39
02/24/2021,7983.3
02/25/2021,8106.3
02/26/2021,7884.14
03/01/2021,8033.57
03/02/2021,8187.35
03/03/2021,7930.7
03/04/2021,7589.59
03/05/2021,7518.18
03/08/2021,7499.14
03/09/2021,7458.61
03/10/2021,7694.91
03/11/2021,7684.82
03/12/2021,7629.2
03/15/2021,7674.3
03/16/2021,7864.62
03/17/2021,7746.79
03/18/2021,7766.28
03/19/2021,7611.11
03/22/2021,7769.91
03/23/2021,7865.65
03/24/2021,7809.28
03/25/2021,7485.51
03/26/2021,7546.87
03/29/2021,7771.36
03/30/2021,7668.97
03/31/2021,7756.62
04/01/2021,8012.23
04/05/2021,8174.31
04/06/2021,8209.76
04/07/2021,8179.95
04/08/2021,8270.16
04/09/2021,8247.79
04/12/2021,8254.37
04/13/2021,8297.52
04/14/2021,8330.04
04/15/2021,8317.75
04/16/2021,8363.83
04/19/2021,8277.3
04/20/2021,8136.51
04/21/2021,8074.61
04/22/2021,8209.56
04/23/2021,8156.56
04/26/2021,8269.17
04/27/2021,8382.48
04/28/2021,8311.04
04/29/2021,8344.83
04/30/2021,8174.66
05/03/2021,8169.2
05/04/2021,7910.74
05/05/2021,7952.66
05/06/2021,7804.04
05/07/2021,7951.94
05/10/2021,7871.06
05/11/2021,7455.49
05/12/2021,7560.48
05/13/2021,7569.89
05/14/2021,7597.86
05/17/2021,7639.01
05/18/2021,7695.61
05/19/2021,7440.26
05/20/2021,7745.92
05/21/2021,7940.12
05/24/2021,7924.4
05/25/2021,8047.3
05/26/2021,8052.04
05/27/2021,8004.83
05/28/2021,8068.7
06/01/2021,8108.59
06/02/2021,8018.68
06/03/2021,7956.38
06/04/2021,7990.98
06/07/2021,8084.58
06/08/2021,8171.54
06/09/2021,8126.96
06/10/2021,8076.74
06/11/2021,8189.85
06/14/2021,8251.53
06/15/2021,8317.7
06/16/2021,8277.29
06/17/2021,8186.25
06/18/2021,8322.16
06/21/2021,8263.25
06/22/2021,8325.84
06/23/2021,8396.94
06/24/2021,8468.55
06/25/2021,8536.72
06/28/2021,8569.24
06/29/2021,8649.35
06/30/2021,8713.91
07/01/2021,8651.65
07/02/2021,8664.5
07/06/2021,8693.32
07/07/2021,8742.18
07/08/2021,8443.93
07/09/2021,8520.08
07/12/2021,8667.79
07/13/2021,8626.54
07/14/2021,8699.9
07/15/2021,8577
07/16/2021,8529.5
07/19/2021,8286.49
07/20/2021,8375.95
07/21/2021,8491.92
07/22/2021,8619.58
07/23/2021,8691.44
07/26/2021,8720.18
07/27/2021,8700.33
07/28/2021,8647.11
07/29/2021,8729.52
07/30/2021,8785.34
08/02/2021,8886.17
08/03/2021,8917.52
08/04/2021,8955.75
08/05/2021,9011.69
08/06/2021,8987.55
08/09/2021,9008.09
08/10/2021,8992.23
08/11/2021,8901.07
08/12/2021,8818.04
08/13/2021,8842.98
08/16/2021,8851.83
08/17/2021,8754.07
08/18/2021,8697.46
08/19/2021,8597.83
08/20/2021,8739.31
08/23/2021,8853.63
08/24/2021,9008.22
08/25/2021,9063.42
08/26/2021,9041.85
08/27/2021,9056.07
08/30/2021,9224.33
08/31/2021,9185.77
09/01/2021,9164.67
09/02/2021,9165.16
09/03/2021,9139.33
09/07/2021,9233.07
09/08/2021,9166.71
09/09/2021,9112.29
09/10/2021,9193.01
09/13/2021,9167.12
09/14/2021,9142.26
09/15/2021,9111.67
09/16/2021,9131.07
09/17/2021,9188.19
09/20/2021,8913.93
09/21/2021,8942.08
09/22/2021,8924.08
09/23/2021,9054.69
09/24/2021,9051
09/27/2021,9024.41
09/28/2021,8873.07
09/29/2021,8729.93
09/30/2021,8660.72
10/01/2021,8647.62
10/04/2021,8584.73
10/05/2021,8464.51
10/06/2021,8434.69
10/07/2021,8687.38
10/08/2021,8730.78
10/11/2021,8587.31
10/12/2021,8616.02
10/13/2021,8637.46
10/14/2021,8807.68
10/15/2021,8905.83
10/18/2021,8871.3
10/19/2021,9043.08
10/20/2021,9139.35
10/21/2021,9075.2
10/22/2021,9213.25
10/25/2021,9190.72
10/26/2021,9288.83
10/27/2021,9166.07
10/28/2021,9174.81
10/29/2021,9177.1
11/01/2021,9271.09
11/02/2021,9322.37
11/03/2021,9396.48
11/04/2021,9513.61
11/05/2021,9706.63
11/08/2021,9722.33
11/09/2021,9823.24
11/10/2021,9686.84
11/11/2021,9644.83
11/12/2021,9696.99
11/15/2021,9787.83
11/16/2021,9698.48
11/17/2021,9860.18
11/18/2021,9876.62
11/19/2021,9888.6
11/22/2021,9866.63
11/23/2021,9552.34
11/24/2021,9420.25
11/26/2021,9511.59
11/29/2021,9541.23
11/30/2021,9637.57
12/01/2021,9596.55
12/02/2021,9238.76
12/03/2021,9389.61
12/06/2021,9165.75
12/07/2021,9452.45
12/08/2021,9582.88
12/09/2021,9601.93
12/10/2021,9564.39
12/13/2021,9522.73
12/14/2021,9231.58
12/15/2021,9250.65
12/16/2021,9548.15
12/17/2021,9096.7
12/20/2021,9056.32
12/21/2021,9263.66
12/22/2021,9391.73
12/23/2021,9523.3
12/27/2021,9620.22
12/28/2021,9790.93
12/29/2021,9660.66
12/30/2021,9658.53
12/31/2021,9621.65
01/03/2022,9596.48
01/04/2022,9558.84
01/05/2022,9304.37
01/06/2022,8995.12
01/07/2022,9100.36
01/10/2022,8771.77
01/11/2022,8936.79
01/12/2022,9240.96
01/13/2022,9241.28
01/14/2022,8793.59
01/18/2022,8799.25
01/19/2022,8739.95
01/20/2022,8678.42
01/21/2022,8387.42
01/24/2022,8052.33
01/25/2022,8167.59
01/26/2022,8257.39
01/27/2022,8179.57
01/28/2022,7904.19
01/31/2022,8190.49
02/01/2022,8587.72
02/02/2022,8710.29
02/03/2022,8408.71
02/04/2022,8249.56
02/07/2022,8399.98
02/08/2022,8295.13
02/09/2022,8626.69
02/10/2022,8594.16
02/11/2022,8623.14
02/14/2022,8232.94
02/15/2022,8392.39
02/16/2022,8438.91
02/17/2022,8398.87
02/18/2022,8142.87
02/22/2022,7912.74
02/23/2022,8076.7
02/24/2022,7478.76
02/25/2022,8105.19
02/28/2022,8195.26
03/01/2022,8298.72
03/02/2022,8176.07
03/03/2022,8315.95
03/04/2022,8052.53
03/07/2022,7918.34
03/08/2022,7460.99
03/09/2022,7723.7
03/10/2022,7711.83
03/11/2022,7744.43
03/14/2022,7393.98
03/15/2022,7252.99
03/16/2022,7591.39
03/17/2022,7768.17
03/18/2022,7924.05
03/21/2022,8129.65
03/22/2022,8124.36
03/23/2022,8182.65
03/24/2022,8173.35
03/25/2022,8357.67
03/28/2022,8280.91
03/29/2022,8561.96
03/30/2022,8556.8
03/31/2022,8430.51
04/01/2022,8367.53
04/04/2022,8354.2
04/05/2022,8464.47
04/06/2022,8020.42
04/07/2022,7940.41
04/08/2022,7911.61
04/11/2022,7720
04/12/2022,7856.53
04/13/2022,7662.63
04/14/2022,7864.77
04/18/2022,7584.87
04/19/2022,7583.58
04/20/2022,7892.24
04/21/2022,7792.53
04/22/2022,7436.29
04/25/2022,7192.45
04/26/2022,7352.97
04/27/2022,7082.06
04/28/2022,7277.77
04/29/2022,7350.68
05/02/2022,7098.8
05/03/2022,7240.83
05/04/2022,7251.49
05/05/2022,7377.44
05/06/2022,6987.29
05/09/2022,6708.12
05/10/2022,6698.16
05/11/2022,6536.19
05/12/2022,6271.12
05/13/2022,6576.1
05/16/2022,6714.92
05/17/2022,6813.07
05/18/2022,6705.99
05/19/2022,6494.56
05/20/2022,6730.51
05/23/2022,6594.82
05/24/2022,6547.43
05/25/2022,6430.53
05/26/2022,6584.23
05/27/2022,6973.28
05/31/2022,7136.29
06/01/2022,7114.5
06/02/2022,6963.54
06/03/2022,7131.19
06/06/2022,7211.51
06/07/2022,7001.87
06/08/2022,7184
06/09/2022,7061.25
06/10/2022,6744.9
06/13/2022,6361.58
06/14/2022,6285.75
06/15/2022,6336.2
06/16/2022,6204.6
06/17/2022,6095
06/21/2022,6267.59
06/22/2022,6207.86
06/23/2022,6343.13
06/24/2022,6508.83
06/27/2022,6737.02
06/28/2022,6634.91
06/29/2022,6363.17
06/30/2022,6278.61
07/01/2022,6219.61
07/05/2022,6147.09
07/06/2022,6429.93
07/07/2022,6492.8
07/08/2022,6510.31
07/11/2022,6529.94
07/12/2022,6507.27
07/13/2022,6183.38
07/14/2022,6284.42
07/15/2022,6390.34
07/18/2022,6561.75
07/19/2022,6534.71
07/20/2022,6698.1
07/21/2022,6879.5
07/22/2022,6959.53
07/25/2022,6782.87
07/26/2022,6712.3
07/27/2022,6701.29
07/28/2022,6832.38
07/29/2022,6899.35
08/01/2022,6956.95
08/02/2022,6968.82
08/03/2022,7066.47
08/04/2022,7213.69
08/05/2022,7148.05
08/08/2022,7255.2
08/09/2022,7133.21
08/10/2022,7273.59
08/11/2022,7400.6
08/12/2022,7325.5
08/15/2022,7405.46
08/16/2022,7420.41
08/17/2022,7300.61
08/18/2022,7238.33
08/19/2022,7178.16
08/22/2022,6942
08/23/2022,6880.46
08/24/2022,6881.55
08/25/2022,6940.41
08/26/2022,7060.89
08/29/2022,6667.83
08/30/2022,6694.05
08/31/2022,6647.75
09/01/2022,6378.79
09/02/2022,6444.98
09/06/2022,6293.73
09/07/2022,6259.03
09/08/2022,6288.41
09/09/2022,6585.79
09/12/2022,6716.47
09/13/2022,6477.21
09/14/2022,6396.47
09/15/2022,6313.22
09/16/2022,6156.56
09/19/2022,6119.81
09/20/2022,6166.75
09/21/2022,6168.28
09/22/2022,6011.29
09/23/2022,5870
09/26/2022,5847.06
09/27/2022,5887.69
09/28/2022,5813.62
09/29/2022,5846.8
09/30/2022,5786.2
10/03/2022,5792.9
10/04/2022,6087.42
10/05/2022,6026.56
10/06/2022,6156.01
10/07/2022,5958.78
10/10/2022,5805.36
10/11/2022,5574.29
10/12/2022,5486.51
10/13/2022,5240.49
10/14/2022,5624.56
10/17/2022,5539.28
10/18/2022,5737.05
10/19/2022,5560.77
10/20/2022,5600.02
10/21/2022,5563.08
10/24/2022,5733.6
10/25/2022,5812.71
10/26/2022,5775.66
10/27/2022,5852.24
10/28/2022,5740.18
10/31/2022,5857.74
11/01/2022,5946.55
11/02/2022,5831.87
11/03/2022,5430.36
11/04/2022,5502.41
11/07/2022,5473.87
11/08/2022,5605.19
11/09/2022,5553.26
11/10/2022,5845.9
11/11/2022,6048.92
11/14/2022,6217.33
11/15/2022,6404.52
11/16/2022,6221.14
11/17/2022,5968.03
11/18/2022,6184.92
11/21/2022,5988.69
11/22/2022,5982.25
11/23/2022,6051.39
11/25/2022,6104.95
11/28/2022,6040.82
11/29/2022,5994.26
11/30/2022,5931.01
12/01/2022,6297.09
12/02/2022,6152.09
12/05/2022,6196.65
12/06/2022,6089.12
12/07/2022,5935.58
12/08/2022,5972.51
12/09/2022,6072.28
12/12/2022,6045.18
12/13/2022,6494.25
12/14/2022,6312.38
12/15/2022,6142.1
12/16/2022,5987.18
12/19/2022,5954.32
12/20/2022,5801.47
12/21/2022,5868.57
12/22/2022,5838.18
12/23/2022,5695.92
12/27/2022,5698.1
12/28/2022,5638.63
12/29/2022,5652.59
12/30/2022,5674.85
01/03/2023,5855.06
01/04/2023,5811.74
01/05/2023,5714.31
01/06/2023,5705.37
01/09/2023,5917.87
01/10/2023,5899.82
01/11/2023,5985.85
01/12/2023,6077.69
01/13/2023,6044.35
01/17/2023,6125.88
01/18/2023,6239.84
01/19/2023,6047.28
01/20/2023,6045.74
01/23/2023,6228.76
01/24/2023,6363.09
01/25/2023,6234
01/26/2023,6461.93
01/27/2023,6430.25
01/30/2023,6434.2
01/31/2023,6368.18
02/01/2023,6507.09
02/02/2023,6933.75
02/03/2023,6792.5
02/06/2023,6714.59
02/07/2023,6720.19
02/08/2023,6915.85
02/09/2023,6907.89
02/10/2023,6688.56
02/13/2023,6716.24
02/14/2023,6735.81
02/15/2023,6882.44
02/16/2023,6818.54
02/17/2023,6721.29
02/21/2023,6568.89
02/22/2023,6539.42
02/23/2023,6695.86
02/24/2023,6522.88
02/27/2023,6622.06
02/28/2023,6575.12
03/01/2023,6606.34
03/02/2023,6490.05
03/03/2023,6629.78
03/06/2023,6763.85
03/07/2023,6709.74
03/08/2023,6654.95
03/09/2023,6699.2
03/10/2023,6568.75
03/13/2023,6361.62
03/14/2023,6569.39
03/15/2023,6557.57
03/16/2023,6590.53
03/17/2023,6823.75
03/20/2023,6754.96
03/21/2023,6831.56
03/22/2023,6855.66
03/23/2023,6847.68
03/24/2023,6862.69
03/27/2023,6847.79
03/28/2023,6767.04
03/29/2023,6834.05
03/30/2023,6983.91
03/31/2023,6988.64
04/03/2023,7065.48
04/04/2023,7083.99
04/05/2023,6937.27
04/06/2023,6777.85
04/10/2023,6786.99
04/11/2023,6913.42
04/12/2023,6947.42
04/13/2023,6835.76
04/14/2023,6873.51
04/17/2023,6842.94
04/18/2023,6958.03
04/19/2023,6808.14
04/20/2023,6767.7
04/21/2023,6780.05
04/24/2023,6767.3
04/25/2023,6659.34
04/26/2023,6585.43
04/27/2023,6621.46
04/28/2023,6660.72
05/01/2023,6699.59
05/02/2023,6725.04
05/03/2023,6634.08
05/04/2023,6589.32
05/05/2023,6614.47
05/08/2023,6750.11
05/09/2023,6709.66
05/10/2023,6786.45
05/11/2023,6814.29
05/12/2023,6791.75
05/15/2023,6781.03
05/16/2023,6893.19
05/17/2023,6937.41
05/18/2023,7062.14
05/19/2023,7225.92
05/22/2023,7187.22
05/23/2023,7211.39
05/24/2023,7058.96
05/25/2023,7266.81
05/26/2023,7463.29
05/30/2023,7846.21
05/31/2023,7628.85
06/01/2023,7604.73
06/02/2023,7815.49
06/05/2023,7735.59
06/06/2023,7713.49
06/07/2023,7827.24
06/08/2023,7634.88
06/09/2023,7791.67
06/12/2023,7806.32
06/13/2023,8067.72
06/14/2023,8019.16
06/15/2023,8044.07
06/16/2023,8227.48
06/20/2023,8025.31
06/21/2023,7978.09
06/22/2023,7758.92
06/23/2023,7754.57
06/26/2023,7778.5
06/27/2023,7785.86
06/28/2023,7901.21
06/29/2023,7966.15
06/30/2023,8013.28
07/03/2023,8056.14
07/05/2023,8016.77
07/06/2023,7872.46
07/07/2023,7885.72
07/10/2023,7892.93
07/11/2023,8084.02
07/12/2023,8192.14
07/13/2023,8223.01
07/14/2023,8331.49
07/17/2023,8283.09
07/18/2023,8417.52
07/19/2023,8516.14
07/20/2023,8334.59
07/21/2023,8236.79
07/24/2023,8232.77
07/25/2023,8250.75
07/26/2023,8242.97
07/27/2023,8467.77
07/28/2023,8480.55