date,foodbev
6/28/2013,2997.18
7/1/2013,3029.35
7/2/2013,3030.06
7/3/2013,3018.39
7/5/2013,3042.61
7/8/2013,3064.78
7/9/2013,3092.65
7/10/2013,3101.23
7/11/2013,3142.01
7/12/2013,3140.62
7/15/2013,3149.95
7/16/2013,3147.48
7/17/2013,3152.88
7/18/2013,3175.5
7/19/2013,3180.31
7/22/2013,3186.09
7/23/2013,3178.26
7/24/2013,3156.73
7/25/2013,3179.14
7/26/2013,3182.36
7/29/2013,3176.67
7/30/2013,3166.67
7/31/2013,3172.29
8/1/2013,3230.59
8/2/2013,3246.02
8/5/2013,3264.79
8/6/2013,3257.27
8/7/2013,3227.07
8/8/2013,3244.77
8/9/2013,3239.19
8/12/2013,3240.6
8/13/2013,3246.57
8/14/2013,3225.25
8/15/2013,3149.18
8/16/2013,3142.01
8/19/2013,3134.9
8/20/2013,3156.91
8/21/2013,3135.99
8/22/2013,3162.18
8/23/2013,3178.62
8/26/2013,3142.76
8/27/2013,3101.02
8/28/2013,3088.1
8/29/2013,3110.73
8/30/2013,3098.13
9/3/2013,3097.97
9/4/2013,3118.12
9/5/2013,3122.41
9/6/2013,3119.43
9/9/2013,3156.58
9/10/2013,3151.71
9/11/2013,3159.84
9/12/2013,3155.38
9/13/2013,3184.56
9/16/2013,3205.62
9/17/2013,3238.78
9/18/2013,3271.15
9/19/2013,3253.38
9/20/2013,3242.47
9/23/2013,3226.32
9/24/2013,3225.26
9/25/2013,3206.55
9/26/2013,3217.47
9/27/2013,3202.46
9/30/2013,3184.54
10/1/2013,3191.83
10/2/2013,3177.32
10/3/2013,3151.41
10/4/2013,3173.81
10/7/2013,3157.72
10/8/2013,3137.73
10/9/2013,3137.05
10/10/2013,3204.09
10/11/2013,3229.77
10/14/2013,3230.46
10/15/2013,3207.49
10/16/2013,3249.57
10/17/2013,3274.09
10/18/2013,3272.7
10/21/2013,3268.44
10/22/2013,3288.07
10/23/2013,3290.12
10/24/2013,3293.21
10/25/2013,3313.05
10/28/2013,3336.54
10/29/2013,3353.54
10/30/2013,3315.05
10/31/2013,3297.97
11/1/2013,3299.21
11/4/2013,3315.74
11/5/2013,3321.27
11/6/2013,3332.06
11/7/2013,3251.54
11/8/2013,3284.31
11/11/2013,3277.61
11/12/2013,3285.29
11/13/2013,3314.79
11/14/2013,3325.78
11/15/2013,3326.06
11/18/2013,3301
11/19/2013,3284.36
11/20/2013,3265.16
11/21/2013,3311.39
11/22/2013,3320.39
11/25/2013,3300.39
11/26/2013,3326.57
11/27/2013,3340.73
11/29/2013,3328.57
12/2/2013,3315.24
12/3/2013,3321.26
12/4/2013,3329.91
12/5/2013,3315.79
12/6/2013,3362.01
12/9/2013,3375.98
12/10/2013,3334.25
12/11/2013,3312.41
12/12/2013,3283.44
12/13/2013,3282.6
12/16/2013,3298.33
12/17/2013,3295.08
12/18/2013,3338.77
12/19/2013,3331.86
12/20/2013,3348.61
12/23/2013,3355.4
12/24/2013,3364.13
12/26/2013,3371.69
12/27/2013,3370.68
12/30/2013,3381.77
12/31/2013,3384.13
1/2/2014,3343.98
1/3/2014,3349.71
1/6/2014,3325.84
1/7/2014,3366.34
1/8/2014,3349.2
1/9/2014,3346.69
1/10/2014,3349.82
1/13/2014,3325.63
1/14/2014,3369.22
1/15/2014,3369.14
1/16/2014,3370.08
1/17/2014,3338.46
1/21/2014,3351.1
1/22/2014,3354.74
1/23/2014,3333.79
1/24/2014,3279.88
1/27/2014,3268.25
1/28/2014,3294.2
1/29/2014,3236.85
1/30/2014,3268.96
1/31/2014,3258.31
2/3/2014,3177.4
2/4/2014,3189.93
2/5/2014,3180.62
2/6/2014,3233.86
2/7/2014,3247.48
2/10/2014,3262
2/11/2014,3286.68
2/12/2014,3282.63
2/13/2014,3308.05
2/14/2014,3329.61
2/18/2014,3341.25
2/19/2014,3336.71
2/20/2014,3374.02
2/21/2014,3373.01
2/24/2014,3390.61
2/25/2014,3393.08
2/26/2014,3394.7
2/27/2014,3400.99
2/28/2014,3418.78
3/3/2014,3403.57
3/4/2014,3469.38
3/5/2014,3470.71
3/6/2014,3473.57
3/7/2014,3475.18
3/10/2014,3485.68
3/11/2014,3465.34
3/12/2014,3497.45
3/13/2014,3466.22
3/14/2014,3483.89
3/17/2014,3507.43
3/18/2014,3529.45
3/19/2014,3497.64
3/20/2014,3512.27
3/21/2014,3513.54
3/24/2014,3482.72
3/25/2014,3488.61
3/26/2014,3467.43
3/27/2014,3455.45
3/28/2014,3486.96
3/31/2014,3525.75
4/1/2014,3534.5
4/2/2014,3552.51
4/3/2014,3549.05
4/4/2014,3493.24
4/7/2014,3475.88
4/8/2014,3489.83
4/9/2014,3511.63
4/10/2014,3447.11
4/11/2014,3426.54
4/14/2014,3455.74
4/15/2014,3448.56
4/16/2014,3487.82
4/17/2014,3492.87
4/21/2014,3502.83
4/22/2014,3513.03
4/23/2014,3516.96
4/24/2014,3502.86
4/25/2014,3476.69
4/28/2014,3505.08
4/29/2014,3492.96
4/30/2014,3511.41
5/1/2014,3493.1
5/2/2014,3509.47
5/5/2014,3498.33
5/6/2014,3470.74
5/7/2014,3477.02
5/8/2014,3457.4
5/9/2014,3477.53
5/12/2014,3525.5
5/13/2014,3528.01
5/14/2014,3497.68
5/15/2014,3477.74
5/16/2014,3507.03
5/19/2014,3501.02
5/20/2014,3476.39
5/21/2014,3488.87
5/22/2014,3495.99
5/23/2014,3504.67
5/27/2014,3545.05
5/28/2014,3537.39
5/29/2014,3585.02
5/30/2014,3590.18
6/2/2014,3585.71
6/3/2014,3591.9
6/4/2014,3609.52
6/5/2014,3629.07
6/6/2014,3639.13
6/9/2014,3636.06
6/10/2014,3628.45
6/11/2014,3610.03
6/12/2014,3601.42
6/13/2014,3598.38
6/16/2014,3617.29
6/17/2014,3638.26
6/18/2014,3656.96
6/19/2014,3661
6/20/2014,3660.73
6/23/2014,3642.47
6/24/2014,3622.65
6/25/2014,3626.22
6/26/2014,3623.74
6/27/2014,3646.74
6/30/2014,3663.07
7/1/2014,3680.67
7/2/2014,3682.24
7/3/2014,3693.52
7/7/2014,3677.63
7/8/2014,3649.29
7/9/2014,3655.3
7/10/2014,3642.02
7/11/2014,3654.39
7/14/2014,3664.06
7/15/2014,3635.58
7/16/2014,3624.72
7/17/2014,3588.99
7/18/2014,3630.05
7/21/2014,3607.11
7/22/2014,3626.44
7/23/2014,3614.99
7/24/2014,3631.55
7/25/2014,3613.86
7/28/2014,3594.47
7/29/2014,3577.28
7/30/2014,3547
7/31/2014,3474.11
8/1/2014,3488.65
8/4/2014,3513.47
8/5/2014,3498.81
8/6/2014,3534.1
8/7/2014,3534.71
8/8/2014,3559.26
8/11/2014,3613.16
8/12/2014,3598.81
8/13/2014,3618.51
8/14/2014,3638.6
8/15/2014,3657.74
8/18/2014,3674.7
8/19/2014,3684.41
8/20/2014,3683.27
8/21/2014,3677.8
8/22/2014,3681.3
8/25/2014,3703.41
8/26/2014,3715.9
8/27/2014,3723.85
8/28/2014,3724.82
8/29/2014,3732.25
9/2/2014,3740.71
9/3/2014,3731.85
9/4/2014,3721.96
9/5/2014,3740.86
9/8/2014,3739.61
9/9/2014,3749.09
9/10/2014,3767.81
9/11/2014,3780.24
9/12/2014,3746.72
9/15/2014,3745.35
9/16/2014,3770.13
9/17/2014,3765.71
9/18/2014,3790.67
9/19/2014,3768.45
9/22/2014,3733.2
9/23/2014,3689.71
9/24/2014,3733.93
9/25/2014,3677.66
9/26/2014,3698.64
9/29/2014,3707.19
9/30/2014,3709.01
10/1/2014,3668.74
10/2/2014,3680.6
10/3/2014,3728.76
10/6/2014,3728.08
10/7/2014,3698.93
10/8/2014,3748.92
10/9/2014,3695.41
10/10/2014,3670.81
10/13/2014,3637.24
10/14/2014,3656.99
10/15/2014,3633.36
10/16/2014,3588.64
10/17/2014,3622.48
10/20/2014,3683.51
10/21/2014,3724.39
10/22/2014,3683.78
10/23/2014,3700.79
10/24/2014,3710.78
10/27/2014,3704.46
10/28/2014,3764.38
10/29/2014,3756.74
10/30/2014,3785.83
10/31/2014,3836
11/3/2014,3832.95
11/4/2014,3843.85
11/5/2014,3863.36
11/6/2014,3898.48
11/7/2014,3899.93
11/10/2014,3927.88
11/11/2014,3911.76
11/12/2014,3919.04
11/13/2014,3923.22
11/14/2014,3913.3
11/17/2014,3944.24
11/18/2014,3956.49
11/19/2014,3960.22
11/20/2014,3951.7
11/21/2014,3962.74
11/24/2014,3962.55
11/25/2014,3961.3
11/26/2014,3989.05
11/28/2014,4014.53
12/1/2014,3986.91
12/2/2014,4003.65
12/3/2014,4001.73
12/4/2014,3987.2
12/5/2014,4003.56
12/8/2014,3987.12
12/9/2014,3987.98
12/10/2014,3947.43
12/11/2014,3992.56
12/12/2014,3926.78
12/15/2014,3894.36
12/16/2014,3880.48
12/17/2014,3967.51
12/18/2014,4035.77
12/19/2014,4040.74
12/22/2014,4074.78
12/23/2014,4086.97
12/24/2014,4086.93
12/26/2014,4095.42
12/29/2014,4095.62
12/30/2014,4078.35
12/31/2014,4031.04
1/2/2015,4004.97
1/5/2015,3961.45
1/6/2015,3937.16
1/7/2015,4011.39
1/8/2015,4068.27
1/9/2015,4029.15
1/12/2015,3995.09
1/13/2015,3987.18
1/14/2015,3982.79
1/15/2015,3989
1/16/2015,4027.71
1/20/2015,4044.55
1/21/2015,4062.99
1/22/2015,4115.47
1/23/2015,4097.67
1/26/2015,4128.8
1/27/2015,4098.11
1/28/2015,4041.46
1/29/2015,4070.25
1/30/2015,3973.3
2/2/2015,4015.61
2/3/2015,4057.25
2/4/2015,4070.11
2/5/2015,4080.02
2/6/2015,4076.61
2/9/2015,4039.44
2/10/2015,4053.01
2/11/2015,4033.28
2/12/2015,4059.33
2/13/2015,4056.18
2/17/2015,4063.6
2/18/2015,4103.91
2/19/2015,4091.46
2/20/2015,4109.81
2/23/2015,4112.18
2/24/2015,4123.25
2/25/2015,4101.54
2/26/2015,4089.13
2/27/2015,4099.91
3/2/2015,4110.25
3/3/2015,4094.09
3/4/2015,4073.21
3/5/2015,4082.28
3/6/2015,4023.68
3/9/2015,4047.57
3/10/2015,3990.72
3/11/2015,3970.45
3/12/2015,4032.24
3/13/2015,4011.02
3/16/2015,4031.94
3/17/2015,4024.58
3/18/2015,4053.53
3/19/2015,4043.49
3/20/2015,4094.77
3/23/2015,4089.89
3/24/2015,4067.12
3/25/2015,4072.62
3/26/2015,4062.96
3/27/2015,4108.11
3/30/2015,4153.13
3/31/2015,4135.09
4/1/2015,4145.32
4/2/2015,4177.74
4/6/2015,4196.16
4/7/2015,4175
4/8/2015,4187.61
4/9/2015,4178.07
4/10/2015,4186.16
4/13/2015,4168.14
4/14/2015,4165.96
4/15/2015,4159.75
4/16/2015,4154.85
4/17/2015,4108.23
4/20/2015,4122.92
4/21/2015,4114.88
4/22/2015,4109.29
4/23/2015,4101.38
4/24/2015,4109.68
4/27/2015,4095.35
4/28/2015,4094.38
4/29/2015,4044.88
4/30/2015,4009.6
5/1/2015,4044.89
5/4/2015,4061.74
5/5/2015,4022.81
5/6/2015,4016.48
5/7/2015,4013.79
5/8/2015,4030.02
5/11/2015,4058.85
5/12/2015,4056.25
5/13/2015,4062.47
5/14/2015,4124.96
5/15/2015,4140.95
5/18/2015,4158.06
5/19/2015,4138.77
5/20/2015,4141.76
5/21/2015,4136.49
5/22/2015,4123.63
5/26/2015,4091.41
5/27/2015,4123.06
5/28/2015,4104.26
5/29/2015,4092.12
6/1/2015,4086.82
6/2/2015,4075.2
6/3/2015,4080.15
6/4/2015,4041.78
6/5/2015,4025.27
6/8/2015,4004.13
6/9/2015,4002.4
6/10/2015,4032.44
6/11/2015,4032.9
6/12/2015,4033.9
6/15/2015,4006.26
6/16/2015,4050.85
6/17/2015,4056.94
6/18/2015,4086.59
6/19/2015,4115.34
6/22/2015,4135.65
6/23/2015,4147.71
6/24/2015,4123.38
6/25/2015,4112.42
6/26/2015,4101.52
6/29/2015,4020.76
6/30/2015,4029.87
7/1/2015,4053.7
7/2/2015,4038.35
7/6/2015,4016.59
7/7/2015,4071.64
7/8/2015,4028.35
7/9/2015,4028.03
7/10/2015,4068.45
7/13/2015,4104.41
7/14/2015,4108.75
7/15/2015,4072.43
7/16/2015,4106.35
7/17/2015,4089.09
7/20/2015,4084.49
7/21/2015,4051.54
7/22/2015,4072.84
7/23/2015,4035.17
7/24/2015,3997.33
7/27/2015,3993.04
7/28/2015,4048.46
7/29/2015,4080.5
7/30/2015,4102.7
7/31/2015,4116.87
8/3/2015,4111.39
8/4/2015,4126.57
8/5/2015,4156.38
8/6/2015,4120.08
8/7/2015,4097.81
8/10/2015,4128.3
8/11/2015,4103.08
8/12/2015,4105.96
8/13/2015,4103.88
8/14/2015,4158.8
8/17/2015,4173.46
8/18/2015,4142.91
8/19/2015,4098.24
8/20/2015,4062.91
8/21/2015,3953.25
8/24/2015,3837.67
8/25/2015,3796.02
8/26/2015,3898.26
8/27/2015,3958.27
8/28/2015,3971.01
8/31/2015,3958.89
9/1/2015,3877.72
9/2/2015,3939.37
9/3/2015,3966.66
9/4/2015,3932.93
9/8/2015,4003.22
9/9/2015,3940.1
9/10/2015,3961.57
9/11/2015,3984.33
9/14/2015,3972.48
9/15/2015,4011.93
9/16/2015,4067.46
9/17/2015,4078.67
9/18/2015,4018.46
9/21/2015,4043.64
9/22/2015,3987.04
9/23/2015,3984.09
9/24/2015,3999.65
9/25/2015,4015.75
9/28/2015,3912.46
9/29/2015,3888.89
9/30/2015,3923.36
10/1/2015,3908.3
10/2/2015,3978.99
10/5/2015,4052.61
10/6/2015,4014.49
10/7/2015,4052.77
10/8/2015,4107.25
10/9/2015,4135.54
10/12/2015,4127.6
10/13/2015,4086.62
10/14/2015,4026.9
10/15/2015,4056.08
10/16/2015,4109.14
10/19/2015,4117.33
10/20/2015,4111.14
10/21/2015,4107.78
10/22/2015,4178.74
10/23/2015,4168.87
10/26/2015,4123.98
10/27/2015,4095.2
10/28/2015,4136.72
10/29/2015,4135.73
10/30/2015,4117.48
11/2/2015,4144.17
11/3/2015,4148.64
11/4/2015,4107.31
11/5/2015,4136.36
11/6/2015,4124.16
11/9/2015,4096.61
11/10/2015,4107.23
11/11/2015,4097.48
11/12/2015,4016.5
11/13/2015,3987.23
11/16/2015,4039.19
11/17/2015,4021.73
11/18/2015,4089.19
11/19/2015,4086.94
11/20/2015,4075.3
11/23/2015,4127.79
11/24/2015,4153.4
11/25/2015,4205.15
11/27/2015,4218.78
11/30/2015,4165.63
12/1/2015,4177.24
12/2/2015,4141.37
12/3/2015,4116.48
12/4/2015,4170.99
12/7/2015,4204.35
12/8/2015,4188.98
12/9/2015,4164.13
12/10/2015,4158.34
12/11/2015,4107.76
12/14/2015,4105.87
12/15/2015,4130.59
12/16/2015,4187.6
12/17/2015,4139.65
12/18/2015,4087.98
12/21/2015,4119.58
12/22/2015,4176.03
12/23/2015,4218.86
12/24/2015,4206.13
12/28/2015,4193.26
12/29/2015,4213.25
12/30/2015,4189.79
12/31/2015,4145.75
1/4/2016,4082.14
1/5/2016,4098.36
1/6/2016,4081.66
1/7/2016,4023.59
1/8/2016,3985.34
1/11/2016,3998.09
1/12/2016,4039.7
1/13/2016,3942.68
1/14/2016,3954.44
1/15/2016,3887.2
1/19/2016,3872.27
1/20/2016,3850.19
1/21/2016,3856.31
1/22/2016,3922.63
1/25/2016,3867.77
1/26/2016,3920.61
1/27/2016,3901.23
1/28/2016,3919.48
1/29/2016,4019.2
2/1/2016,4044.93
2/2/2016,3966.53
2/3/2016,3952.93
2/4/2016,3925.04
2/5/2016,3904.47
2/8/2016,3894.85
2/9/2016,3900.76
2/10/2016,3915.85
2/11/2016,3870.08
2/12/2016,3947.62
2/16/2016,4014.38
2/17/2016,4048.2
2/18/2016,4033.43
2/19/2016,4046.98
2/22/2016,4046.53
2/23/2016,4057.72
2/24/2016,4079.48
2/25/2016,4147.63
2/26/2016,4119.08
2/29/2016,4104.34
3/1/2016,4132.27
3/2/2016,4169.71
3/3/2016,4196.88
3/4/2016,4194.24
3/7/2016,4199.79
3/8/2016,4185.42
3/9/2016,4234.15
3/10/2016,4205.8
3/11/2016,4247.41
3/14/2016,4258.66
3/15/2016,4247.94
3/16/2016,4278.49
3/17/2016,4318.59
3/18/2016,4316.61
3/21/2016,4302.73
3/22/2016,4264.19
3/23/2016,4240.6
3/24/2016,4234.33
3/28/2016,4268.4
3/29/2016,4322.05
3/30/2016,4331.95
3/31/2016,4322.99
4/1/2016,4363.29
4/4/2016,4322.02
4/5/2016,4280.97
4/6/2016,4321.5
4/7/2016,4276.75
4/8/2016,4290.48
4/11/2016,4248.6
4/12/2016,4279.29
4/13/2016,4286.32
4/14/2016,4246.66
4/15/2016,4289.37
4/18/2016,4297.4
4/19/2016,4303.37
4/20/2016,4288.99
4/21/2016,4204.78
4/22/2016,4229.97
4/25/2016,4254.87
4/26/2016,4268.89
4/27/2016,4289.19
4/28/2016,4316.42
4/29/2016,4318.97
5/2/2016,4367.51
5/3/2016,4316.79
5/4/2016,4338.29
5/5/2016,4333.57
5/6/2016,4371.47
5/9/2016,4410.73
5/10/2016,4449.87
5/11/2016,4410.47
5/12/2016,4434.56
5/13/2016,4392.06
5/16/2016,4408.82
5/17/2016,4306.59
5/18/2016,4284.46
5/19/2016,4316.14
5/20/2016,4322.62
5/23/2016,4320.57
5/24/2016,4373.42
5/25/2016,4370.9
5/26/2016,4398.52
5/27/2016,4409.21
5/31/2016,4392.31
6/1/2016,4431.91
6/2/2016,4446.43
6/3/2016,4449.41
6/6/2016,4453.6
6/7/2016,4464.87
6/8/2016,4482.7
6/9/2016,4505.02
6/10/2016,4470.21
6/13/2016,4405.47
6/14/2016,4407.43
6/15/2016,4409.88
6/16/2016,4453.8
6/17/2016,4437.59
6/20/2016,4457.98
6/21/2016,4481.43
6/22/2016,4462.25
6/23/2016,4504.71
6/24/2016,4426.52
6/27/2016,4418.85
6/28/2016,4428.02
6/29/2016,4488.34
6/30/2016,4631.95
7/1/2016,4607.6
7/5/2016,4601.73
7/6/2016,4641.5
7/7/2016,4668.68
7/8/2016,4730.23
7/11/2016,4719.78
7/12/2016,4702.4
7/13/2016,4711.34
7/14/2016,4704.67
7/15/2016,4697.99
7/18/2016,4704.91
7/19/2016,4702.01
7/20/2016,4698.34
7/21/2016,4689.96
7/22/2016,4729.39
7/25/2016,4737.04
7/26/2016,4719.61
7/27/2016,4646.33
7/28/2016,4658.95
7/29/2016,4698.44
8/1/2016,4688.79
8/2/2016,4641.91
8/3/2016,4645.61
8/4/2016,4656.32
8/5/2016,4676.37
8/8/2016,4662.52
8/9/2016,4672.96
8/10/2016,4679.03
8/11/2016,4656.1
8/12/2016,4681.55
8/15/2016,4685.62
8/16/2016,4614.44
8/17/2016,4612.91
8/18/2016,4645.51
8/19/2016,4654.43
8/22/2016,4670.42
8/23/2016,4658.07
8/24/2016,4645.68
8/25/2016,4649.54
8/26/2016,4624.75
8/29/2016,4652.92
8/30/2016,4622.99
8/31/2016,4620.86
9/1/2016,4595.45
9/2/2016,4651.98
9/6/2016,4651.84
9/7/2016,4602.07
9/8/2016,4559.65
9/9/2016,4431.61
9/12/2016,4485.13
9/13/2016,4423.69
9/14/2016,4409.39
9/15/2016,4446.33
9/16/2016,4423.27
9/19/2016,4427.01
9/20/2016,4400.45
9/21/2016,4435.02
9/22/2016,4469.48
9/23/2016,4435.24
9/26/2016,4392.75
9/27/2016,4402.04
9/28/2016,4403.23
9/29/2016,4386.14
9/30/2016,4437.73
10/3/2016,4428.88
10/4/2016,4390.05
10/5/2016,4406.45
10/6/2016,4422.06
10/7/2016,4389.4
10/10/2016,4436.99
10/11/2016,4409.74
10/12/2016,4439.58
10/13/2016,4427.91
10/14/2016,4418.44
10/17/2016,4415.3
10/18/2016,4438.15
10/19/2016,4428.77
10/20/2016,4388.13
10/21/2016,4390.86
10/24/2016,4421.22
10/25/2016,4423.32
10/26/2016,4398.61
10/27/2016,4358.36
10/28/2016,4406.82
10/31/2016,4404.4
11/1/2016,4409.1
11/2/2016,4405.55
11/3/2016,4337.78
11/4/2016,4311.2
11/7/2016,4398.56
11/8/2016,4435.6
11/9/2016,4428.87
11/10/2016,4348.24
11/11/2016,4368.17
11/14/2016,4415.1
11/15/2016,4423.26
11/16/2016,4422.81
11/17/2016,4415.13
11/18/2016,4422.92
11/21/2016,4432.69
11/22/2016,4458.76
11/23/2016,4435.32
11/25/2016,4462.91
11/28/2016,4444.94
11/29/2016,4450.59
11/30/2016,4376.23
12/1/2016,4332.59
12/2/2016,4351.75
12/5/2016,4403.54
12/6/2016,4418.6
12/7/2016,4482.05
12/8/2016,4501.93
12/9/2016,4560.79
12/12/2016,4540.98
12/13/2016,4559.03
12/14/2016,4508.16
12/15/2016,4547.33
12/16/2016,4578.41
12/19/2016,4582.78
12/20/2016,4598.75
12/21/2016,4599.04
12/22/2016,4578.39
12/23/2016,4596.09
12/27/2016,4609.68
12/28/2016,4575.51
12/29/2016,4592.6
12/30/2016,4577.84
1/3/2017,4596.09
1/4/2017,4622.54
1/5/2017,4595.77
1/6/2017,4567.52
1/9/2017,4535.85
1/10/2017,4522.55
1/11/2017,4517.54
1/12/2017,4492.33
1/13/2017,4511.51
1/17/2017,4526.88
1/18/2017,4546.87
1/19/2017,4497.43
1/20/2017,4510.49
1/23/2017,4494.31
1/24/2017,4521.93
1/25/2017,4532.36
1/26/2017,4489.99
1/27/2017,4467.81
1/30/2017,4456.83
1/31/2017,4483.02
2/1/2017,4465.43
2/2/2017,4502.3
2/3/2017,4539.61
2/6/2017,4489.73
2/7/2017,4507.63
2/8/2017,4516.22
2/9/2017,4590.77
2/10/2017,4603.81
2/13/2017,4586.12
2/14/2017,4579.73
2/15/2017,4609.84
2/16/2017,4587.62
2/17/2017,4599.31
2/21/2017,4639.81
2/22/2017,4619.65
2/23/2017,4610.53
2/24/2017,4617.17
2/27/2017,4585.25
2/28/2017,4575.06
3/1/2017,4612.84
3/2/2017,4591.88
3/3/2017,4584.69
3/6/2017,4548.82
3/7/2017,4526.92
3/8/2017,4523.72
3/9/2017,4542.43
3/10/2017,4566.91
3/13/2017,4557.13
3/14/2017,4571.28
3/15/2017,4624.93
3/16/2017,4638.1
3/17/2017,4660.31
3/20/2017,4647.97
3/21/2017,4621.17
3/22/2017,4626.58
3/23/2017,4638.52
3/24/2017,4638.67
3/27/2017,4639.16
3/28/2017,4651.52
3/29/2017,4678.01
3/30/2017,4657.95
3/31/2017,4668.15
4/3/2017,4647.68
4/4/2017,4651.64
4/5/2017,4639.51
4/6/2017,4660.09
4/7/2017,4648.28
4/10/2017,4671.62
4/11/2017,4686.41
4/12/2017,4686.24
4/13/2017,4660.26
4/17/2017,4687.06
4/18/2017,4711.09
4/19/2017,4716.93
4/20/2017,4734.36
4/21/2017,4723.93
4/24/2017,4753.94
4/25/2017,4778.68
4/26/2017,4769.83
4/27/2017,4777.2
4/28/2017,4762.9
5/1/2017,4731.69
5/2/2017,4694.46
5/3/2017,4675.72
5/4/2017,4694.91
5/5/2017,4718.47
5/8/2017,4713.2
5/9/2017,4687.58
5/10/2017,4701.41
5/11/2017,4706.21
5/12/2017,4682.13
5/15/2017,4705.21
5/16/2017,4694.89
5/17/2017,4671.65
5/18/2017,4679.78
5/19/2017,4712.05
5/22/2017,4754.49
5/23/2017,4762.39
5/24/2017,4779.37
5/25/2017,4764.51
5/26/2017,4776.81
5/30/2017,4737.77
5/31/2017,4740.82
6/1/2017,4810.39
6/2/2017,4809.62
6/5/2017,4795.25
6/6/2017,4777.83
6/7/2017,4788.31
6/8/2017,4770.2
6/9/2017,4771.74
6/12/2017,4771.14
6/13/2017,4790.34
6/14/2017,4795.68
6/15/2017,4730.3
6/16/2017,4631.18
6/19/2017,4652.63
6/20/2017,4600.46
6/21/2017,4586.02
6/22/2017,4565.87
6/23/2017,4576.99
6/26/2017,4580.83
6/27/2017,4541.16
6/28/2017,4583.3
6/29/2017,4552.28
6/30/2017,4576.69
7/3/2017,4576.78
7/5/2017,4542.95
7/6/2017,4500.63
7/7/2017,4522.93
7/10/2017,4473.52
7/11/2017,4477.35
7/12/2017,4517.17
7/13/2017,4530.61
7/14/2017,4564.77
7/17/2017,4575.61
7/18/2017,4566.3
7/19/2017,4609.4
7/20/2017,4634.54
7/21/2017,4645.75
7/24/2017,4635.33
7/25/2017,4698.74
7/26/2017,4682.46
7/27/2017,4694.99
7/28/2017,4691.01
7/31/2017,4693.33
8/1/2017,4674.96
8/2/2017,4681.61
8/3/2017,4658.18
8/4/2017,4654.06
8/7/2017,4683.13
8/8/2017,4639.43
8/9/2017,4606.58
8/10/2017,4591.09
8/11/2017,4622.38
8/14/2017,4660.02
8/15/2017,4654.25
8/16/2017,4663.56
8/17/2017,4598.22
8/18/2017,4599.33
8/21/2017,4601
8/22/2017,4625.34
8/23/2017,4618.69
8/24/2017,4527.76
8/25/2017,4533.74
8/28/2017,4512.26
8/29/2017,4516.28
8/30/2017,4537.01
8/31/2017,4533
9/1/2017,4564.2
9/5/2017,4554.94
9/6/2017,4591.81
9/7/2017,4594.34
9/8/2017,4582.77
9/11/2017,4608.49
9/12/2017,4611.9
9/13/2017,4626.02
9/14/2017,4604.52
9/15/2017,4642.98
9/18/2017,4660.64
9/19/2017,4639.8
9/20/2017,4628.42
9/21/2017,4596.8
9/22/2017,4597.1
9/25/2017,4606.94
9/26/2017,4637.32
9/27/2017,4634.52
9/28/2017,4638.58
9/29/2017,4648.37
10/2/2017,4661.52
10/3/2017,4659.2
10/4/2017,4685.24
10/5/2017,4694.02
10/6/2017,4666
10/9/2017,4628.06
10/10/2017,4654.13
10/11/2017,4656.06
10/12/2017,4674.89
10/13/2017,4673.5
10/16/2017,4673.1
10/17/2017,4655.4
10/18/2017,4643.1
10/19/2017,4625.49
10/20/2017,4631.71
10/23/2017,4637.77
10/24/2017,4630.91
10/25/2017,4622.03
10/26/2017,4622.84
10/27/2017,4625.45
10/30/2017,4578.61
10/31/2017,4630.08
11/1/2017,4631.6
11/2/2017,4596.18
11/3/2017,4598.4
11/6/2017,4540.7
11/7/2017,4524.92
11/8/2017,4577.81
11/9/2017,4567.56
11/10/2017,4608.49
11/13/2017,4616.53
11/14/2017,4658.99
11/15/2017,4610.02
11/16/2017,4711.96
11/17/2017,4733.76
11/20/2017,4767.25
11/21/2017,4757.22
11/22/2017,4758.85
11/24/2017,4753.75
11/27/2017,4768.27
11/28/2017,4826.63
11/29/2017,4912.54
11/30/2017,4945.59
12/1/2017,4962.64
12/4/2017,5029.71
12/5/2017,4968.52
12/6/2017,4995.58
12/7/2017,4979.95
12/8/2017,4987.58
12/11/2017,4978.17
12/12/2017,4958.1
12/13/2017,4960.72
12/14/2017,4913.62
12/15/2017,4966.65
12/18/2017,5022.98
12/19/2017,5005.12
12/20/2017,5022.91
12/21/2017,5030.75
12/22/2017,5048.05
12/26/2017,5051.13
12/27/2017,5047.66
12/28/2017,5055.29
12/29/2017,5042.83
1/2/2018,5040.96
1/3/2018,5014.78
1/4/2018,5023.84
1/5/2018,5018.07
1/8/2018,5045.54
1/9/2018,5038.84
1/10/2018,4980.71
1/11/2018,4986.34
1/12/2018,4980.37
1/16/2018,4991.15
1/17/2018,5047.27
1/18/2018,5010.92
1/19/2018,5073.58
1/22/2018,5107.45
1/23/2018,5105.17
1/24/2018,5094
1/25/2018,5102.67
1/26/2018,5134.89
1/29/2018,5116.28
1/30/2018,5083.4
1/31/2018,5071.52
2/1/2018,5047.77
2/2/2018,4930.23
2/5/2018,4784.31
2/6/2018,4830.61
2/7/2018,4822.27
2/8/2018,4744.66
2/9/2018,4782.01
2/12/2018,4784.08
2/13/2018,4791.59
2/14/2018,4843.85
2/15/2018,4917.72
2/16/2018,4935.08
2/20/2018,4841.81
2/21/2018,4795.34
2/22/2018,4766.14
2/23/2018,4820.05
2/26/2018,4841.67
2/27/2018,4804.41
2/28/2018,4758.63
3/1/2018,4748.53
3/2/2018,4803.49
3/5/2018,4839.79
3/6/2018,4876.43
3/7/2018,4839.46
3/8/2018,4829.8
3/9/2018,4865.69
3/12/2018,4872.92
3/13/2018,4871.04
3/14/2018,4846.46
3/15/2018,4785.53
3/16/2018,4804.65
3/19/2018,4781.89
3/20/2018,4766.05
3/21/2018,4711.75
3/22/2018,4662.09
3/23/2018,4624.77
3/26/2018,4696.5
3/27/2018,4681.66
3/28/2018,4700.96
3/29/2018,4735.69
4/2/2018,4630.78
4/3/2018,4688.46
4/4/2018,4781.6
4/5/2018,4770.36
4/6/2018,4761.56
4/9/2018,4753.49
4/10/2018,4771.62
4/11/2018,4785.24
4/12/2018,4784.43
4/13/2018,4783.57
4/16/2018,4833.62
4/17/2018,4864.23
4/18/2018,4838.52
4/19/2018,4787.78
4/20/2018,4740.91
4/23/2018,4750.22
4/24/2018,4752.73
4/25/2018,4784.62
4/26/2018,4806.85
4/27/2018,4822.17
4/30/2018,4771.36
5/1/2018,4744.96
5/2/2018,4654.57
5/3/2018,4609.64
5/4/2018,4695.53
5/7/2018,4707.26
5/8/2018,4710.33
5/9/2018,4728.19
5/10/2018,4748.69
5/11/2018,4747.23
5/14/2018,4717.91
5/15/2018,4724.13
5/16/2018,4759.08
5/17/2018,4767.84
5/18/2018,4715.87
5/21/2018,4730.87
5/22/2018,4707.13
5/23/2018,4726.48
5/24/2018,4728.98
5/25/2018,4744.61
5/29/2018,4753.39
5/30/2018,4827.48
5/31/2018,4751.81
6/1/2018,4762
6/4/2018,4809.1
6/5/2018,4819.65
6/6/2018,4796.42
6/7/2018,4779.33
6/8/2018,4841.54
6/11/2018,4877.15
6/12/2018,4897.81
6/13/2018,4898.42
6/14/2018,4922.77
6/15/2018,4973.86
6/18/2018,4950.97
6/19/2018,4984.95
6/20/2018,5003.03
6/21/2018,5011.91
6/22/2018,5051.33
6/25/2018,5088.21
6/26/2018,5086.06
6/27/2018,5029.35
6/28/2018,5046.89
6/29/2018,5023.69
7/2/2018,5010.65
7/3/2018,5030.34
7/5/2018,5114.69
7/6/2018,5128.48
7/9/2018,5102.13
7/10/2018,5098.75
7/11/2018,5087.34
7/12/2018,5079.91
7/13/2018,5087.65
7/16/2018,5058.15
7/17/2018,5096.69
7/18/2018,5033.85
7/19/2018,5062.13
7/20/2018,5062.19
7/23/2018,5032.4
7/24/2018,4996.23
7/25/2018,5016.92
7/26/2018,5094.43
7/27/2018,5050.01
7/30/2018,5008.37
7/31/2018,5010.44
8/1/2018,4962.26
8/2/2018,5015.05
8/3/2018,5095.16
8/6/2018,5094.05
8/7/2018,5080.08
8/8/2018,5055.12
8/9/2018,5059.96
8/10/2018,5051.53
8/13/2018,5049.94
8/14/2018,5109.12
8/15/2018,5092.62
8/16/2018,5120.42
8/17/2018,5165.33
8/20/2018,5178.24
8/21/2018,5138.96
8/22/2018,5140.15
8/23/2018,5134.24
8/24/2018,5159.06
8/27/2018,5137.67
8/28/2018,5093.29
8/29/2018,5113.03
8/30/2018,5102.25
8/31/2018,5143.22
9/4/2018,5138.13
9/5/2018,5153.58
9/6/2018,5184.7
9/7/2018,5180.4
9/10/2018,5204.45
9/11/2018,5192.75
9/12/2018,5228.79
9/13/2018,5208.24
9/14/2018,5201.19
9/17/2018,5188.3
9/18/2018,5152.88
9/19/2018,5106.69
9/20/2018,5146.33
9/21/2018,5131.42
9/24/2018,5099.52
9/25/2018,5066.65
9/26/2018,5055.21
9/27/2018,5016.51
9/28/2018,5037.41
10/1/2018,4981.76
10/2/2018,4983.54
10/3/2018,4954.46
10/4/2018,4943.19
10/5/2018,4954.61
10/8/2018,5018.88
10/9/2018,4973.88
10/10/2018,4915.23
10/11/2018,4821.62
10/12/2018,4845.71
10/15/2018,4882.73
10/16/2018,4973.81
10/17/2018,4968.35
10/18/2018,4936.79
10/19/2018,4992.23
10/22/2018,4978.38
10/23/2018,4985.02
10/24/2018,4959.94
10/25/2018,4950.19
10/26/2018,4858.85
10/29/2018,4925.23
10/30/2018,5029.22
10/31/2018,4971.04
11/1/2018,5008.49
11/2/2018,4966.48
11/5/2018,4998.12
11/6/2018,5067.13
11/7/2018,5083.99
11/8/2018,5085.25
11/9/2018,5094.51
11/12/2018,5089.54
11/13/2018,5051.12
11/14/2018,5025.66
11/15/2018,5027.61
11/16/2018,5051.24
11/19/2018,5041.2
11/20/2018,4988.91
11/21/2018,4978.34
11/23/2018,4999.05
11/26/2018,4985.3
11/27/2018,4997.96
11/28/2018,5026.81
11/29/2018,5018.47
11/30/2018,5018.82
12/3/2018,5022.36
12/4/2018,4898.87
12/6/2018,4888.39
12/7/2018,4808.9
12/10/2018,4785.98
12/11/2018,4826.52
12/12/2018,4870.59
12/13/2018,4863.13
12/14/2018,4780.37
12/17/2018,4670.25
12/18/2018,4640.31
12/19/2018,4604.16
12/20/2018,4529.87
12/21/2018,4446.85
12/24/2018,4338.33
12/26/2018,4470.61
12/27/2018,4490.26
12/28/2018,4475.54
12/31/2018,4505.76
1/2/2019,4501.36
1/3/2019,4510.63
1/4/2019,4594.81
1/7/2019,4640.59
1/8/2019,4703.28
1/9/2019,4703.4
1/10/2019,4746.72
1/11/2019,4765.92
1/14/2019,4745.16
1/15/2019,4785.15
1/16/2019,4811.17
1/17/2019,4810.64
1/18/2019,4868.32
1/22/2019,4843.29
1/23/2019,4864.81
1/24/2019,4806.92
1/25/2019,4780.71
1/28/2019,4798.56
1/29/2019,4798.03
1/30/2019,4803.73
1/31/2019,4856.63
2/1/2019,4831.14
2/4/2019,4865.99
2/5/2019,4868.16
2/6/2019,4859.59
2/7/2019,4854.45
2/8/2019,4854.12
2/11/2019,4883.19
2/12/2019,4934.82
2/13/2019,4948.76
2/14/2019,4923.49
2/15/2019,4980.27
2/19/2019,4977.51
2/20/2019,4979.94
2/21/2019,4982.9
2/22/2019,4933.7
2/25/2019,4889.51
2/26/2019,4880.18
2/27/2019,4896.24
2/28/2019,4940.9
3/1/2019,4942.83
3/4/2019,4913.93
3/5/2019,4911.92
3/6/2019,4859.92
3/7/2019,4844.09
3/8/2019,4814.57
3/11/2019,4881.71
3/12/2019,4853.14
3/13/2019,4867.96
3/14/2019,4858.32
3/15/2019,4879.93
3/18/2019,4905.33
3/19/2019,4881.96
3/20/2019,4855.36
3/21/2019,4947.04
3/22/2019,4906.9
3/25/2019,4950.31
3/26/2019,4986.57
3/27/2019,4975.46
3/28/2019,5003.47
3/29/2019,5015.88
4/1/2019,4992.01
4/2/2019,4948.53
4/3/2019,4932.1
4/4/2019,4980.46
4/5/2019,5003.75
4/8/2019,5017.83
4/9/2019,4983.5
4/10/2019,5036.45
4/11/2019,5042.56
4/12/2019,5032.2
4/15/2019,5069.14
4/16/2019,5061.21
4/17/2019,5070.12
4/18/2019,5085.73
4/22/2019,5062.19
4/23/2019,5095.56
4/24/2019,5115.91
4/25/2019,5084.14
4/26/2019,5124.13
4/29/2019,5148.1
4/30/2019,5183.64
5/1/2019,5104.72
5/2/2019,5091.93
5/3/2019,5122.44
5/6/2019,5146.97
5/7/2019,5103.12
5/8/2019,5089.58
5/9/2019,5095.06
5/10/2019,5147.91
5/13/2019,5088.1
5/14/2019,5101.11
5/15/2019,5111.43
5/16/2019,5132.83
5/17/2019,5102.87
5/20/2019,5073
5/21/2019,5068.45
5/22/2019,5063.15
5/23/2019,5012.63
5/24/2019,5008.07
5/28/2019,4932.25
5/29/2019,4850.91
5/30/2019,4843.02
5/31/2019,4789.92
6/3/2019,4833.27
6/4/2019,4900.9
6/5/2019,4958.18
6/6/2019,4973.95
6/7/2019,5010.61
6/10/2019,5010.26
6/11/2019,5051.24
6/12/2019,5056.79
6/13/2019,5064.84
6/14/2019,5045.5
6/17/2019,5012.49
6/18/2019,5001.89
6/19/2019,5021.29
6/20/2019,5033.43
6/21/2019,5004.33
6/24/2019,4983.09
6/25/2019,4980.45
6/26/2019,4920.43
6/27/2019,4953.51
6/28/2019,5000.54
7/1/2019,5020.9
7/2/2019,5034.88
7/3/2019,5109.79
7/5/2019,5123.95
7/8/2019,5112.5
7/9/2019,5075.44
7/10/2019,5090.54
7/11/2019,5048.15
7/12/2019,5070.45
7/15/2019,5068.62
7/16/2019,5062.07
7/17/2019,5050.07
7/18/2019,5077.74
7/19/2019,5047.8
7/22/2019,5016.63
7/23/2019,5036.05
7/24/2019,5038.23
7/25/2019,5031.04
7/26/2019,5095.18
7/29/2019,5086.06
7/30/2019,5119.46
7/31/2019,5056.05
8/1/2019,5060.67
8/2/2019,5047.24
8/5/2019,4936.68
8/6/2019,4948
8/7/2019,5007.64
8/8/2019,5077.88
8/9/2019,5039.43
8/12/2019,5012.24
8/13/2019,5042.48
8/14/2019,4931.06
8/15/2019,4989.77
8/16/2019,5065.3
8/19/2019,5103.86
8/20/2019,5045.72
8/21/2019,5051.5
8/22/2019,5112.41
8/23/2019,5010.66
8/26/2019,5069.44
8/27/2019,5009.89
8/28/2019,5051.76
8/29/2019,5099.18
8/30/2019,5110.3
9/3/2019,5123.73
9/4/2019,5149.84
9/5/2019,5178.79
9/6/2019,5194.81
9/9/2019,5222.28
9/10/2019,5248.95
9/11/2019,5314.02
9/12/2019,5317.7
9/13/2019,5324.27
9/16/2019,5325.4
9/17/2019,5323.08
9/18/2019,5307.46
9/19/2019,5272.54
9/20/2019,5257.69
9/23/2019,5261.95
9/24/2019,5258.91
9/25/2019,5286.18
9/26/2019,5290.11
9/27/2019,5255.38
9/30/2019,5261.65
10/1/2019,5217.01
10/2/2019,5117.45
10/3/2019,5119.83
10/4/2019,5156.6
10/7/2019,5118.98
10/8/2019,5058.47
10/9/2019,5075.1
10/10/2019,5080.82
10/11/2019,5109.83
10/14/2019,5086.41
10/15/2019,5083.24
10/16/2019,5061.34
10/17/2019,5102.82
10/18/2019,5064.96
10/21/2019,5071.72
10/22/2019,5068.94
10/23/2019,5058.06
10/24/2019,5050.19
10/25/2019,5041.37
10/28/2019,5075.23
10/29/2019,5070.69
10/30/2019,5073.05
10/31/2019,5081.5
11/1/2019,5124.07
11/4/2019,5128.9
11/5/2019,5142.66
11/6/2019,5166.18
11/7/2019,5156.06
11/8/2019,5153.54
11/11/2019,5136.41
11/12/2019,5165.38
11/13/2019,5190.06
11/14/2019,5187.92
11/15/2019,5204.28
11/18/2019,5201.97
11/19/2019,5211.08
11/20/2019,5214.2
11/21/2019,5182.45
11/22/2019,5172.19
11/25/2019,5227.84
11/26/2019,5257.6
11/27/2019,5280.28
11/29/2019,5254.62
12/2/2019,5259.12
12/3/2019,5255.63
12/4/2019,5289.49
12/5/2019,5278.25
12/6/2019,5323.1
12/9/2019,5321.86
12/10/2019,5302.35
12/11/2019,5272.97
12/12/2019,5277.32
12/13/2019,5253.38
12/16/2019,5279.72
12/17/2019,5302.53
12/18/2019,5303.87
12/19/2019,5357.35
12/20/2019,5416.97
12/23/2019,5400.12
12/24/2019,5412.66
12/26/2019,5422.63
12/27/2019,5426.27
12/30/2019,5406.41
12/31/2019,5420.04
1/2/2020,5349.19
1/3/2020,5375.38
1/6/2020,5365.96
1/7/2020,5329.44
1/8/2020,5331.51
1/9/2020,5330.45
1/10/2020,5323.08
1/13/2020,5382.39
1/14/2020,5390.88
1/15/2020,5384.96
1/16/2020,5424.58
1/17/2020,5397.51
1/21/2020,5407
1/22/2020,5393.37
1/23/2020,5398.35
1/24/2020,5346.74
1/27/2020,5313.34
1/28/2020,5294.35
1/29/2020,5239.86
1/30/2020,5272.51
1/31/2020,5178.53
2/3/2020,5182.33
2/4/2020,5205.25
2/5/2020,5259.12
2/6/2020,5239.46
2/7/2020,5240.93
2/10/2020,5267.71
2/11/2020,5290.96
2/12/2020,5297.92
2/13/2020,5310
2/14/2020,5316.82
2/18/2020,5301.55
2/19/2020,5290.56
2/20/2020,5301.82
2/21/2020,5279.28
2/24/2020,5183.04
2/25/2020,5078.75
2/26/2020,4989.45
2/27/2020,4834.66
2/28/2020,4745.51
3/2/2020,4905.75
3/3/2020,4843.28
3/4/2020,5008.27
3/5/2020,4928.35
3/6/2020,4892.32
3/9/2020,4633.09
3/10/2020,4754.18
3/11/2020,4513.73
3/12/2020,4069.2
3/13/2020,4364.58
3/16/2020,4095.88
3/17/2020,4480.2
3/18/2020,4319.15
3/19/2020,4315.92
3/20/2020,4191.85
3/23/2020,4093.4
3/24/2020,4272.34
3/25/2020,4242.09
3/26/2020,4428.01
3/27/2020,4341.55
3/30/2020,4499.61
3/31/2020,4510.28
4/1/2020,4378.65
4/2/2020,4433.72
4/3/2020,4458.18
4/6/2020,4644.2
4/7/2020,4607.78
4/8/2020,4680.62
4/9/2020,4777.26
4/13/2020,4722.39
4/14/2020,4847.7
4/15/2020,4768.38
4/16/2020,4873.3
4/17/2020,4927.66
4/20/2020,4896.58
4/21/2020,4804.09
4/22/2020,4865.66
4/23/2020,4875.68
4/24/2020,4936.1
4/27/2020,5010
4/28/2020,5037.23
4/29/2020,5051.73
4/30/2020,4936.46
5/1/2020,4852.16
5/4/2020,4850.97
5/5/2020,4882.04
5/6/2020,4910.65
5/7/2020,4905.49
5/8/2020,5077.16
5/11/2020,5070.48
5/12/2020,5089.36
5/13/2020,5122.73
5/14/2020,5037.08
5/15/2020,5060.77
5/18/2020,5157.52
5/19/2020,5081.03
5/20/2020,5126.12
5/21/2020,5088.62
5/22/2020,5107.16
5/26/2020,5175.84
5/27/2020,5314.38
5/28/2020,5260.1
5/29/2020,5313.49
6/1/2020,5382.65
6/2/2020,5381.3
6/3/2020,5360.22
6/4/2020,5343.92
6/5/2020,5422.23
6/8/2020,5571.29
6/9/2020,5484.8
6/10/2020,5342.2
6/11/2020,5064.74
6/12/2020,5102.89
6/15/2020,5214
6/16/2020,5295.97
6/17/2020,5280.86
6/18/2020,5287.34
6/19/2020,5268.58
6/22/2020,5272.21
6/23/2020,5298.81
6/24/2020,5211.12
6/25/2020,5239.04
6/26/2020,5136.53
6/29/2020,5252.4
6/30/2020,5283.94
7/1/2020,5258.33
7/2/2020,5279.42
7/6/2020,5326.46
7/7/2020,5323.86
7/8/2020,5297.52
7/9/2020,5211.29
7/10/2020,5314.77
7/13/2020,5274.08
7/14/2020,5382.52
7/15/2020,5432.39
7/16/2020,5435.22
7/17/2020,5457.35
7/20/2020,5401.19
7/21/2020,5501.8
7/22/2020,5518.73
7/23/2020,5549.27
7/24/2020,5535.92
7/27/2020,5587.05
7/28/2020,5573.88
7/29/2020,5615.34
7/30/2020,5547.65
7/31/2020,5524.11
8/3/2020,5537.9
8/4/2020,5632.03
8/5/2020,5642.52
8/6/2020,5638.13
8/7/2020,5689.84
8/10/2020,5734.91
8/11/2020,5698.89
8/12/2020,5755.6
8/13/2020,5751.92
8/14/2020,5764.09
8/17/2020,5783.97
8/18/2020,5768.84
8/19/2020,5746.51
8/20/2020,5728.6
8/21/2020,5711.94
8/24/2020,5788.32
8/25/2020,5764.74
8/26/2020,5770.06
8/27/2020,5831.29
8/28/2020,5844.49
8/31/2020,5796.84
9/1/2020,5801.37
9/2/2020,5886.83
9/3/2020,5783.83
9/4/2020,5773.38
9/8/2020,5634.84
9/9/2020,5729.17
9/10/2020,5679.54
9/11/2020,5655.57
9/14/2020,5723.04
9/15/2020,5713.6
9/16/2020,5706.22
9/17/2020,5694.76
9/18/2020,5652.55
9/21/2020,5548.77
9/22/2020,5570.64
9/23/2020,5444.56
9/24/2020,5486.65
9/25/2020,5535.18
9/28/2020,5606.86
9/29/2020,5573.58
9/30/2020,5622.12
10/1/2020,5670.92
10/2/2020,5688.48
10/5/2020,5742.83
10/6/2020,5726.43
10/7/2020,5785.88
10/8/2020,5812.48
10/9/2020,5880.16
10/12/2020,5929.72
10/13/2020,5945.52
10/14/2020,5922.87
10/15/2020,5957.89
10/16/2020,5943.31
10/19/2020,5890.99
10/20/2020,5861.29
10/21/2020,5859.14
10/22/2020,5903.44
10/23/2020,5923.68
10/26/2020,5798.23
10/27/2020,5782.83
10/28/2020,5601.37
10/29/2020,5619.24
10/30/2020,5546.8
11/2/2020,5643.98
11/3/2020,5750.2
11/4/2020,5724.96
11/5/2020,5819.59
11/6/2020,5801
11/9/2020,5889.64
11/10/2020,6001.62
11/11/2020,6016.21
11/12/2020,6012.98
11/13/2020,6098.92
11/16/2020,6215.49
11/17/2020,6187.34
11/18/2020,6086.78
11/19/2020,6138.16
11/20/2020,6071.18
11/23/2020,6125.41
11/24/2020,6209.01
11/25/2020,6154.11
11/27/2020,6179.12
11/30/2020,6159.03
12/1/2020,6228.44
12/2/2020,6162.36
12/3/2020,6219.77
12/4/2020,6301.58
12/7/2020,6254.92
12/8/2020,6318.01
12/9/2020,6282.41
12/10/2020,6289.48
12/11/2020,6254.95
12/14/2020,6208.05
12/15/2020,6256.97
12/16/2020,6274.22
12/17/2020,6323.54
12/18/2020,6298.98
12/21/2020,6265.91
12/22/2020,6269.36
12/23/2020,6340.32
12/24/2020,6344.92
12/28/2020,6363.68
12/29/2020,6327.48
12/30/2020,6347.51
12/31/2020,6388.23
1/4/2021,6337.97
1/5/2021,6373.76
1/6/2021,6468.64
1/7/2021,6451.97
1/8/2021,6430.17
1/11/2021,6358.23
1/12/2021,6377.1
1/13/2021,6385.15
1/14/2021,6479.86
1/15/2021,6465.07
1/19/2021,6487.57
1/20/2021,6517.77
1/21/2021,6506.86
1/22/2021,6557.94
1/25/2021,6701.14
1/26/2021,6895.49
1/27/2021,6919.12
1/28/2021,6736.5
1/29/2021,6624.09
2/1/2021,6611.08
2/2/2021,6617.01
2/3/2021,6683.37
2/4/2021,6711.85
2/5/2021,6759.69
2/8/2021,6868.1
2/9/2021,6889.82
2/10/2021,6903.48
2/11/2021,6867.68
2/12/2021,6884.53
2/16/2021,6830.13
2/17/2021,6828.21
2/18/2021,6789.32
2/19/2021,6778.98
2/22/2021,6776.19
2/23/2021,6751.76
2/24/2021,6813.55
2/25/2021,6680.6
2/26/2021,6637.23
3/1/2021,6762.51
3/2/2021,6718.81
3/3/2021,6729.33
3/4/2021,6708.6
3/5/2021,6885.01
3/8/2021,6948.25
3/9/2021,6968.83
3/10/2021,7113.93
3/11/2021,7111.81
3/12/2021,7126.33
3/15/2021,7146.37
3/16/2021,7085.34
3/17/2021,7086.65
3/18/2021,6963.97
3/19/2021,7034.74
3/22/2021,7041.42
3/23/2021,6964.95
3/24/2021,6855.29
3/25/2021,6952.24
3/26/2021,7084.37
3/29/2021,7062.36
3/30/2021,7062.68
3/31/2021,7007.38
4/1/2021,7028.98
4/5/2021,7113.03
4/6/2021,7136.62
4/7/2021,7085.36
4/8/2021,7111.86
4/9/2021,7074.53
4/12/2021,7150.4
4/13/2021,7124.57
4/14/2021,7120.79
4/15/2021,7171.95
4/16/2021,7240.64
4/19/2021,7200.9
4/20/2021,7179.03
4/21/2021,7274.75
4/22/2021,7220.47
4/23/2021,7241.41
4/26/2021,7193.01
4/27/2021,7190.17
4/28/2021,7175.25
4/29/2021,7232.8
4/30/2021,7195.69
5/3/2021,7262.1
5/4/2021,7174.93
5/5/2021,7201.94
5/6/2021,7267.31
5/7/2021,7268.96
5/10/2021,7252.99
5/11/2021,7195.85
5/12/2021,7050.03
5/13/2021,7182.32
5/14/2021,7251.22
5/17/2021,7222.99
5/18/2021,7201.52
5/19/2021,7148.35
5/20/2021,7198.04
5/21/2021,7219.38
5/24/2021,7250.98
5/25/2021,7242
5/26/2021,7281.66
5/27/2021,7266.58
5/28/2021,7306.87
6/1/2021,7346.5
6/2/2021,7483.9
6/3/2021,7439.8
6/4/2021,7454.93
6/7/2021,7511.8
6/8/2021,7495.25
6/9/2021,7397.42
6/10/2021,7359.57
6/11/2021,7383.72
6/14/2021,7353.54
6/15/2021,7291.2
6/16/2021,7206.67
6/17/2021,7181.59
6/18/2021,7047.21
6/21/2021,7156.39
6/22/2021,7181.08
6/23/2021,7159.4
6/24/2021,7195.88
6/25/2021,7234.85
6/28/2021,7203.04
6/29/2021,7165.73
6/30/2021,7199.96
7/1/2021,7173.19
7/2/2021,7139.59
7/6/2021,7082.11
7/7/2021,7072.04
7/8/2021,7062.4
7/9/2021,7142.74
7/12/2021,7100.89
7/13/2021,7016.64
7/14/2021,6978.31
7/15/2021,7012.32
7/16/2021,6981.48
7/19/2021,6957.09
7/20/2021,7044.4
7/21/2021,7011.33
7/22/2021,6924.72
7/23/2021,6947.66
7/26/2021,6978.23
7/27/2021,6939.53
7/28/2021,6951.03
7/29/2021,6973.1
7/30/2021,6940.35
8/2/2021,6913.52
8/3/2021,6923.34
8/4/2021,6801.02
8/5/2021,6862.43
8/6/2021,6910.43
8/9/2021,6963.58
8/10/2021,7049.56
8/11/2021,7024.09
8/12/2021,6977.04
8/13/2021,7010.9
8/16/2021,7006.45
8/17/2021,7000.69
8/18/2021,6907.41
8/19/2021,6871.11
8/20/2021,6916.67
8/23/2021,6951.65
8/24/2021,6936.65
8/25/2021,6944.16
8/26/2021,6867.42
8/27/2021,6963.39
8/30/2021,6966.32
8/31/2021,7027.23
9/1/2021,7050.33
9/2/2021,7095.78
9/3/2021,7040.69
9/7/2021,6977.34
9/8/2021,6995.26
9/9/2021,6931.84
9/10/2021,6894.23
9/13/2021,6895.88
9/14/2021,6848.26
9/15/2021,6902.42
9/16/2021,6912.25
9/17/2021,6921.43
9/20/2021,6836.37
9/21/2021,6854.41
9/22/2021,6878.72
9/23/2021,6919.33
9/24/2021,6904.89
9/27/2021,6950.51
9/28/2021,6917.04
9/29/2021,7004.74
9/30/2021,6895.92
10/1/2021,6921.97
10/4/2021,6919.9
10/5/2021,6947.24
10/6/2021,6968.14
10/7/2021,6995.19
10/8/2021,6951.8
10/11/2021,6921.15
10/12/2021,6942.74
10/13/2021,6938.69
10/14/2021,6998.76
10/15/2021,6941.9
10/18/2021,6928.97
10/19/2021,6950.4
10/20/2021,6977.93
10/21/2021,6974.57
10/22/2021,7001.37
10/25/2021,6998.06
10/26/2021,6964.91
10/27/2021,6913.67
10/28/2021,6999.94
10/29/2021,6983.09
11/1/2021,7086.42
11/2/2021,7076.78
11/3/2021,7215.28
11/4/2021,7175.07
11/5/2021,7256.57
11/8/2021,7193.31
11/9/2021,7189.84
11/10/2021,7185.36
11/11/2021,7187.29
11/12/2021,7186.95
11/15/2021,7222.29
11/16/2021,7197.47
11/17/2021,7157.11
11/18/2021,7127.55
11/19/2021,7064.08
11/22/2021,7170.96
11/23/2021,7179.76
11/24/2021,7155.24
11/26/2021,7021.37
11/29/2021,7009.56
11/30/2021,6833.51
12/1/2021,6725.41
12/2/2021,6869.26
12/3/2021,6856.6
12/6/2021,7005.58
12/7/2021,7049.87
12/8/2021,7046.48
12/9/2021,6996.15
12/10/2021,7048.88
12/13/2021,7089.73
12/14/2021,7085.49
12/15/2021,7168.79
12/16/2021,7165.54
12/17/2021,7144.52
12/20/2021,7089.57
12/21/2021,7140.08
12/22/2021,7150.53
12/23/2021,7181.67
12/27/2021,7233.15
12/28/2021,7276.15
12/29/2021,7269.2
12/30/2021,7276.45
12/31/2021,7293.08
1/3/2022,7336.28
1/4/2022,7349.6
1/5/2022,7289.65
1/6/2022,7312.08
1/7/2022,7355.67
1/10/2022,7300.92
1/11/2022,7319.33
1/12/2022,7258.09
1/13/2022,7320.97
1/14/2022,7309
1/18/2022,7200.05
1/19/2022,7149.34
1/20/2022,7040.78
1/21/2022,6989.45
1/24/2022,7053.28
1/25/2022,6935.77
1/26/2022,6861.91
1/27/2022,6839.36
1/28/2022,6903.86
1/31/2022,6973.06
2/1/2022,7007.17
2/2/2022,7023.61
2/3/2022,6963.63
2/4/2022,6913.57
2/7/2022,6962.95
2/8/2022,7057.31
2/9/2022,7125.23
2/10/2022,7047.74
2/11/2022,7090.99
2/14/2022,7070.39
2/15/2022,7141.79
2/16/2022,7114
2/17/2022,7086.22
2/18/2022,7045.07
2/22/2022,7017.67
2/23/2022,6944.72
2/24/2022,6938.61
2/25/2022,7147.88
2/28/2022,7121.79
3/1/2022,7103.37
3/2/2022,7200.11
3/3/2022,7214.15
3/4/2022,7198.19
3/7/2022,7068.3
3/8/2022,6903.15
3/9/2022,6972.48
3/10/2022,6925.63
3/11/2022,6801.71
3/14/2022,6775.56
3/15/2022,6881.64
3/16/2022,6992.95
3/17/2022,7078.74
3/18/2022,7150.11
3/21/2022,7124.91
3/22/2022,7160.99
3/23/2022,7113.84
3/24/2022,7172.71
3/25/2022,7205.13
3/28/2022,7212.64
3/29/2022,7317.93
3/30/2022,7277.52
3/31/2022,7260.64
4/1/2022,7400.66
4/4/2022,7382.52
4/5/2022,7321.13
4/6/2022,7326.88
4/7/2022,7404.73
4/8/2022,7434.66
4/11/2022,7423.1
4/12/2022,7412.53
4/13/2022,7490.24
4/14/2022,7509.92
4/18/2022,7439.49
4/19/2022,7593.07
4/20/2022,7667.86
4/21/2022,7610.38
4/22/2022,7462.87
4/25/2022,7491.89
4/26/2022,7314.86
4/27/2022,7367.52
4/28/2022,7463.24
4/29/2022,7275.47
5/2/2022,7251.56
5/3/2022,7270.12
5/4/2022,7377.52
5/5/2022,7110
5/6/2022,7082.02
5/9/2022,7030.7
5/10/2022,7026.72
5/11/2022,6954.68
5/12/2022,7015.17
5/13/2022,7214.92
5/16/2022,7168.02
5/17/2022,7201.28
5/18/2022,6786.55
5/19/2022,6745.36
5/20/2022,6707.27
5/23/2022,6836.84
5/24/2022,6870.28
5/25/2022,6960.25
5/26/2022,7044.83
5/27/2022,7170.88
5/31/2022,7122.37
6/1/2022,7031.91
6/2/2022,7119.64
6/3/2022,7069.11
6/6/2022,7083.01
6/7/2022,7107.45
6/8/2022,7049.44
6/9/2022,6898.71
6/10/2022,6854.42
6/13/2022,6663.56
6/14/2022,6671.71
6/15/2022,6743.31
6/16/2022,6632.24
6/17/2022,6613.7
6/21/2022,6775.56
6/22/2022,6733.34
6/23/2022,6841.33
6/24/2022,7031.07
6/27/2022,7075.28
6/28/2022,6962.62
6/29/2022,6983.71
6/30/2022,6940.36
7/1/2022,7042.85
7/5/2022,7054.77
7/6/2022,7053.3
7/7/2022,7112.21
7/8/2022,7097.81
7/11/2022,7026.88
7/12/2022,7030.99
7/13/2022,7055.12
7/14/2022,7022.42
7/15/2022,7091.2
7/18/2022,7042.8
7/19/2022,7139.87
7/20/2022,7158.08
7/21/2022,7142.46
7/22/2022,7121.47
7/25/2022,7162.17
7/26/2022,7134.34
7/27/2022,7199.35
7/28/2022,7277.93
7/29/2022,7279.7
8/1/2022,7356.93
8/2/2022,7336.52
8/3/2022,7391.06
8/4/2022,7360.82
8/5/2022,7398.72
8/8/2022,7413.5
8/9/2022,7340.37
8/10/2022,7383.58
8/11/2022,7401.78
8/12/2022,7464.59
8/15/2022,7515.68
8/16/2022,7596.37
8/17/2022,7549.17
8/18/2022,7597.64
8/19/2022,7533.69
8/22/2022,7442.76
8/23/2022,7441.09
8/24/2022,7478.82
8/25/2022,7554.77
8/26/2022,7390.55
8/29/2022,7366.83
8/30/2022,7258.99
8/31/2022,7227.5
9/1/2022,7188.2
9/2/2022,7086.23
9/6/2022,7025.56
9/7/2022,7164.66
9/8/2022,7133.42
9/9/2022,7226.15
9/12/2022,7256.28
9/13/2022,7014.96
9/14/2022,6997.92
9/15/2022,6917.37
9/16/2022,6887.36
9/19/2022,6940.49
9/20/2022,6866.1
9/21/2022,6852.5
9/22/2022,6814.23
9/23/2022,6683.15
9/26/2022,6646.47
9/27/2022,6589.74
9/28/2022,6728.56
9/29/2022,6601.39
9/30/2022,6537.28
10/3/2022,6655.27
10/4/2022,6812.3
10/5/2022,6750.45
10/6/2022,6669.54
10/7/2022,6589.96
10/10/2022,6665.44
10/11/2022,6713.99
10/12/2022,6722.4
10/13/2022,6878.33
10/14/2022,6691.39
10/17/2022,6790.4
10/18/2022,6866.97
10/19/2022,6813.75
10/20/2022,6711.89
10/21/2022,6856
10/24/2022,6949.44
10/25/2022,7088.36
10/26/2022,7138.52
10/27/2022,7148.77
10/28/2022,7307.05
10/31/2022,7295.22
11/1/2022,7255.97
11/2/2022,7182.82
11/3/2022,7203.65
11/4/2022,7271.61
11/7/2022,7326.37
11/8/2022,7339.5
11/9/2022,7193.42
11/10/2022,7386.91
11/11/2022,7323.48
11/14/2022,7260.21
11/15/2022,7351.45
11/16/2022,7372.26
11/17/2022,7344.04
11/18/2022,7375.6
11/21/2022,7460.21
11/22/2022,7487.25
11/23/2022,7507.14
11/25/2022,7542.9
11/28/2022,7492.53
11/29/2022,7463.06
11/30/2022,7606.96
12/1/2022,7524.61
12/2/2022,7559.9
12/5/2022,7432.37
12/6/2022,7374.17
12/7/2022,7378.41
12/8/2022,7390.24
12/9/2022,7312.68
12/12/2022,7361.41
12/13/2022,7331.77
12/14/2022,7324.97
12/15/2022,7174.29
12/16/2022,7170.33
12/19/2022,7138.1
12/20/2022,7132.62
12/21/2022,7205.67
12/22/2022,7152.1
12/23/2022,7209.73
12/27/2022,7195.82
12/28/2022,7099.04
12/29/2022,7125.54
12/30/2022,7096.93
1/3/2023,7043.9
1/4/2023,7096.53
1/5/2023,7052.38
1/6/2023,7222.28
1/9/2023,7165.01
1/10/2023,7219.41
1/11/2023,7277.39
1/12/2023,7278.03
1/13/2023,7313.78
1/17/2023,7349.35
1/18/2023,7129.28
1/19/2023,7068.95
1/20/2023,7127.69
1/23/2023,7185.3
1/24/2023,7179.2
1/25/2023,7233.19
1/26/2023,7212.37
1/27/2023,7219.57
1/30/2023,7194.93
1/31/2023,7301.81
2/1/2023,7358.14
2/2/2023,7367.9
2/3/2023,7315.1
2/6/2023,7324.88
2/7/2023,7264.16
2/8/2023,7190.67
2/9/2023,7125.79
2/10/2023,7168.75
2/13/2023,7247.16
2/14/2023,7179.42
2/15/2023,7268.94
2/16/2023,7212.87
2/17/2023,7299.55
2/21/2023,7226.04
2/22/2023,7257.03
2/23/2023,7244.34
2/24/2023,7215.78
2/27/2023,7194.21
2/28/2023,7109.5
3/1/2023,7112.57
3/2/2023,7204.13
3/3/2023,7234.88
3/6/2023,7172.83
3/7/2023,7112.19
3/8/2023,7093.75
3/9/2023,7015.59
3/10/2023,6930.32
3/13/2023,6898.35
3/14/2023,6997.96
3/15/2023,6982.36
3/16/2023,6996.78
3/17/2023,6886.2
3/20/2023,6975.67
3/21/2023,7031.1
3/22/2023,6946.44
3/23/2023,6919.28
3/24/2023,7050.01
3/27/2023,7116.13
3/28/2023,7142.38
3/29/2023,7160.95
3/30/2023,7165.62
3/31/2023,7253.42
4/3/2023,7310.6
4/4/2023,7236.69
4/5/2023,7218.66
4/6/2023,7219.27
4/10/2023,7266.18
4/11/2023,7314.17
4/12/2023,7257.44
4/13/2023,7269.12
4/14/2023,7206.21
4/17/2023,7256.62
4/18/2023,7263.78
4/19/2023,7263.8
4/20/2023,7275.82
4/21/2023,7288.65
4/24/2023,7306.22
4/25/2023,7256.78
4/26/2023,7241.65
4/27/2023,7327.62
4/28/2023,7368.45
5/1/2023,7398.44
5/2/2023,7369.83
5/3/2023,7358.45
5/4/2023,7343.83
5/5/2023,7424.52
5/8/2023,7392.21
5/9/2023,7340.05
5/10/2023,7356.09
5/11/2023,7344.21
5/12/2023,7342.07
5/15/2023,7328.05
5/16/2023,7250.4
5/17/2023,7292.43
5/18/2023,7296.66
5/19/2023,7277.25
5/22/2023,7233.39
5/23/2023,7229.85
5/24/2023,7191.86
5/25/2023,7121.7
5/26/2023,7111.31
5/30/2023,7044.65
5/31/2023,7031.47
6/1/2023,7007.21
6/2/2023,7164.19
6/5/2023,7101.03
6/6/2023,7127.66
6/7/2023,7117.03
6/8/2023,7137.41
6/9/2023,7106.73
6/12/2023,7121.12
6/13/2023,7188.07
6/14/2023,7184.22
6/15/2023,7192.71
6/16/2023,7174.95
6/20/2023,7098.86
6/21/2023,7117.38
6/22/2023,7165.05
6/23/2023,7123.53
6/26/2023,7110.62
6/27/2023,7138.79
6/28/2023,7099.05
6/29/2023,7124.74
6/30/2023,7162.31
7/3/2023,7226.52
7/5/2023,7201.47
7/6/2023,7164.11
7/7/2023,7148.1
7/10/2023,7143.37
7/11/2023,7168.42
7/12/2023,7203.3
7/13/2023,7220.38
7/14/2023,7198.14
7/17/2023,7210.98
7/18/2023,7219.12
7/19/2023,7305.48
7/20/2023,7349.64
7/21/2023,7344.47
7/24/2023,7375.48
7/25/2023,7386.24
7/26/2023,7404.4
7/27/2023,7329.86
7/28/2023,7391.18