date,industrials
6/28/2013,369.95
7/1/2013,373.24
7/2/2013,369.23
7/3/2013,369.68
7/5/2013,375.23
7/8/2013,376.35
7/9/2013,381.81
7/10/2013,381.5
7/11/2013,387.51
7/12/2013,385.27
7/15/2013,386.31
7/16/2013,384.21
7/17/2013,385.48
7/18/2013,388.81
7/19/2013,393.64
7/22/2013,393.83
7/23/2013,393.58
7/24/2013,390.86
7/25/2013,390.85
7/26/2013,389.88
7/29/2013,388.57
7/30/2013,390.02
7/31/2013,390.68
8/1/2013,397.38
8/2/2013,398.23
8/5/2013,396.73
8/6/2013,393.71
8/7/2013,392.89
8/8/2013,394.56
8/9/2013,393.43
8/12/2013,393.73
8/13/2013,395.4
8/14/2013,392.43
8/15/2013,388
8/16/2013,388.39
8/19/2013,386.7
8/20/2013,386.78
8/21/2013,384.27
8/22/2013,389.15
8/23/2013,389.52
8/26/2013,388.27
8/27/2013,380.54
8/28/2013,380.78
8/29/2013,381.59
8/30/2013,379.9
9/3/2013,381.9
9/4/2013,385.55
9/5/2013,386.62
9/6/2013,386.29
9/9/2013,390.98
9/10/2013,396.59
9/11/2013,398.59
9/12/2013,396.75
9/13/2013,397.69
9/16/2013,402.73
9/17/2013,405.06
9/18/2013,410.25
9/19/2013,410.81
9/20/2013,405.2
9/23/2013,404.63
9/24/2013,405.9
9/25/2013,404.31
9/26/2013,405.75
9/27/2013,403.21
9/30/2013,400.7
10/1/2013,403.59
10/2/2013,402.15
10/3/2013,397.69
10/4/2013,399.55
10/7/2013,397.38
10/8/2013,392.74
10/9/2013,392.07
10/10/2013,402.57
10/11/2013,404.84
10/14/2013,405.76
10/15/2013,401.99
10/16/2013,404.59
10/17/2013,407.99
10/18/2013,412.58
10/21/2013,414.16
10/22/2013,416.53
10/23/2013,416.56
10/24/2013,419.64
10/25/2013,421.71
10/28/2013,421.33
10/29/2013,422.71
10/30/2013,421.02
10/31/2013,420.92
11/1/2013,424.07
11/4/2013,425.5
11/5/2013,424.92
11/6/2013,426.56
11/7/2013,421.77
11/8/2013,427.59
11/11/2013,427.46
11/12/2013,427.57
11/13/2013,429.73
11/14/2013,431.4
11/15/2013,432.84
11/18/2013,433.53
11/19/2013,430.66
11/20/2013,428.41
11/21/2013,431.73
11/22/2013,435.21
11/25/2013,433.54
11/26/2013,434.81
11/27/2013,436.62
11/29/2013,434.91
12/2/2013,432.87
12/3/2013,429.85
12/4/2013,428.27
12/5/2013,428.27
12/6/2013,434.52
12/9/2013,435.67
12/10/2013,434.63
12/11/2013,428.04
12/12/2013,428.26
12/13/2013,429.86
12/16/2013,434.05
12/17/2013,433.89
12/18/2013,440.92
12/19/2013,440.68
12/20/2013,443.88
12/23/2013,445.49
12/24/2013,447.89
12/26/2013,450.97
12/27/2013,450.5
12/30/2013,450.34
12/31/2013,452.46
1/2/2014,446.64
1/3/2014,447.85
1/6/2014,445.17
1/7/2014,447.34
1/8/2014,446.96
1/9/2014,448.58
1/10/2014,449.33
1/13/2014,444.25
1/14/2014,448.82
1/15/2014,451.93
1/16/2014,450.47
1/17/2014,448.04
1/21/2014,448.15
1/22/2014,449.16
1/23/2014,444
1/24/2014,430.21
1/27/2014,431.16
1/28/2014,434.91
1/29/2014,430.41
1/30/2014,434.13
1/31/2014,431.97
2/3/2014,420.34
2/4/2014,423
2/5/2014,422.55
2/6/2014,428.43
2/7/2014,435.46
2/10/2014,433.06
2/11/2014,438
2/12/2014,438.95
2/13/2014,439.9
2/14/2014,443.12
2/18/2014,442.12
2/19/2014,438.23
2/20/2014,441.62
2/21/2014,441.6
2/24/2014,445.15
2/25/2014,443.18
2/26/2014,443.41
2/27/2014,445.96
2/28/2014,447.16
3/3/2014,444.04
3/4/2014,450.81
3/5/2014,451.63
3/6/2014,454.16
3/7/2014,455.3
3/10/2014,452.98
3/11/2014,449.9
3/12/2014,448.97
3/13/2014,442.33
3/14/2014,440.65
3/17/2014,446.32
3/18/2014,448.55
3/19/2014,444.18
3/20/2014,444.89
3/21/2014,445.27
3/24/2014,443.83
3/25/2014,447.68
3/26/2014,443.49
3/27/2014,442.82
3/28/2014,446.1
3/31/2014,450.69
4/1/2014,453.92
4/2/2014,456.87
4/3/2014,457.64
4/4/2014,452.5
4/7/2014,446.49
4/8/2014,446.46
4/9/2014,452.06
4/10/2014,443.51
4/11/2014,439.05
4/14/2014,441.74
4/15/2014,444.41
4/16/2014,451.23
4/17/2014,454.81
4/21/2014,456.26
4/22/2014,456.32
4/23/2014,457.97
4/24/2014,456.92
4/25/2014,452.87
4/28/2014,453.37
4/29/2014,454.51
4/30/2014,457.43
5/1/2014,456.11
5/2/2014,455.75
5/5/2014,456.17
5/6/2014,452.62
5/7/2014,456.59
5/8/2014,456.46
5/9/2014,456.73
5/12/2014,463.5
5/13/2014,464.57
5/14/2014,460.72
5/15/2014,456.19
5/16/2014,457.06
5/19/2014,458.85
5/20/2014,452.89
5/21/2014,456.87
5/22/2014,457.89
5/23/2014,460.65
5/27/2014,462.84
5/28/2014,463.41
5/29/2014,464.96
5/30/2014,465.14
6/2/2014,466.84
6/3/2014,466.11
6/4/2014,465.72
6/5/2014,470.64
6/6/2014,475.16
6/9/2014,477.85
6/10/2014,476.68
6/11/2014,472.89
6/12/2014,466.94
6/13/2014,468.61
6/16/2014,467.85
6/17/2014,468.99
6/18/2014,471.46
6/19/2014,472.1
6/20/2014,474.17
6/23/2014,471.18
6/24/2014,466.46
6/25/2014,467.09
6/26/2014,466.24
6/27/2014,467.58
6/30/2014,465.61
7/1/2014,468.29
7/2/2014,467.74
7/3/2014,471.53
7/7/2014,468.41
7/8/2014,464.89
7/9/2014,465.61
7/10/2014,463.12
7/11/2014,465.79
7/14/2014,468.4
7/15/2014,468.62
7/16/2014,471.15
7/17/2014,463.68
7/18/2014,467.31
7/21/2014,466.21
7/22/2014,468.31
7/23/2014,466.27
7/24/2014,464.12
7/25/2014,462.87
7/28/2014,460.57
7/29/2014,455.07
7/30/2014,455.4
7/31/2014,446.4
8/1/2014,446.06
8/4/2014,447.43
8/5/2014,444.95
8/6/2014,442.9
8/7/2014,443.27
8/8/2014,449.47
8/11/2014,451.36
8/12/2014,450.28
8/13/2014,454.1
8/14/2014,456.2
8/15/2014,454.93
8/18/2014,461.9
8/19/2014,463.01
8/20/2014,467.56
8/21/2014,467.43
8/22/2014,465.43
8/25/2014,467.04
8/26/2014,465.48
8/27/2014,465.31
8/28/2014,463.99
8/29/2014,464
9/2/2014,464.97
9/3/2014,464.6
9/4/2014,464.83
9/5/2014,466.45
9/8/2014,466.19
9/9/2014,464.35
9/10/2014,464.77
9/11/2014,465.35
9/12/2014,463.43
9/15/2014,463.47
9/16/2014,466.08
9/17/2014,468.09
9/18/2014,469.97
9/19/2014,469.44
9/22/2014,464.26
9/23/2014,460.35
9/24/2014,462.63
9/25/2014,455.73
9/26/2014,459.81
9/29/2014,458.49
9/30/2014,458.11
10/1/2014,449.5
10/2/2014,448.98
10/3/2014,455.08
10/6/2014,453.58
10/7/2014,442.85
10/8/2014,450.67
10/9/2014,440.24
10/10/2014,433.74
10/13/2014,427.02
10/14/2014,432.59
10/15/2014,431.87
10/16/2014,434.97
10/17/2014,443.53
10/20/2014,444.88
10/21/2014,454.66
10/22/2014,448.62
10/23/2014,458.41
10/24/2014,462.52
10/27/2014,462.36
10/28/2014,470.21
10/29/2014,468.2
10/30/2014,469.99
10/31/2014,474.83
11/3/2014,473.8
11/4/2014,474.04
11/5/2014,476.68
11/6/2014,481.92
11/7/2014,482.39
11/10/2014,484.71
11/11/2014,484.09
11/12/2014,484.55
11/13/2014,483.27
11/14/2014,483.59
11/17/2014,483.09
11/18/2014,486.72
11/19/2014,485.32
11/20/2014,486.2
11/21/2014,490.96
11/24/2014,492.26
11/25/2014,493.04
11/26/2014,492.31
11/28/2014,488.1
12/1/2014,481.79
12/2/2014,485.55
12/3/2014,491.82
12/4/2014,489.58
12/5/2014,490.41
12/8/2014,485.02
12/9/2014,485.45
12/10/2014,476.27
12/11/2014,478.48
12/12/2014,469.54
12/15/2014,468.39
12/16/2014,468.37
12/17/2014,472.61
12/18/2014,484.28
12/19/2014,486.85
12/22/2014,491.29
12/23/2014,493.5
12/24/2014,493.76
12/26/2014,493.78
12/29/2014,493.85
12/30/2014,491.51
12/31/2014,486.47
1/2/2015,485.74
1/5/2015,474.47
1/6/2015,468.85
1/7/2015,471.71
1/8/2015,481.11
1/9/2015,475.87
1/12/2015,472.73
1/13/2015,471.81
1/14/2015,469.11
1/15/2015,466.42
1/16/2015,469.58
1/20/2015,473.22
1/21/2015,476.64
1/22/2015,484.4
1/23/2015,480.63
1/26/2015,481.42
1/27/2015,475.19
1/28/2015,470.7
1/29/2015,476.26
1/30/2015,468.53
2/2/2015,475.54
2/3/2015,483.03
2/4/2015,479.12
2/5/2015,483.79
2/6/2015,482.69
2/9/2015,481.37
2/10/2015,484.19
2/11/2015,483.85
2/12/2015,488.03
2/13/2015,490.32
2/17/2015,491.13
2/18/2015,493.61
2/19/2015,493.56
2/20/2015,498.14
2/23/2015,496.13
2/24/2015,497.65
2/25/2015,497.43
2/26/2015,495.04
2/27/2015,492.89
3/2/2015,497.04
3/3/2015,493.66
3/4/2015,489.75
3/5/2015,490.37
3/6/2015,483.79
3/9/2015,487.97
3/10/2015,479
3/11/2015,478.62
3/12/2015,484.68
3/13/2015,480.24
3/16/2015,488.1
3/17/2015,486.12
3/18/2015,491.76
3/19/2015,488.4
3/20/2015,490.92
3/23/2015,487.23
3/24/2015,485.42
3/25/2015,477.24
3/26/2015,475.82
3/27/2015,477.75
3/30/2015,484.29
3/31/2015,479.66
4/1/2015,475.78
4/2/2015,476.5
4/6/2015,480.05
4/7/2015,479.39
4/8/2015,480.39
4/9/2015,483.45
4/10/2015,492.13
4/13/2015,486.85
4/14/2015,487.43
4/15/2015,488.12
4/16/2015,486.75
4/17/2015,481.2
4/20/2015,486.51
4/21/2015,485.38
4/22/2015,487.55
4/23/2015,486.86
4/24/2015,484.84
4/27/2015,484.58
4/28/2015,485.9
4/29/2015,483.44
4/30/2015,479.26
5/1/2015,484.99
5/4/2015,485.7
5/5/2015,479.39
5/6/2015,478.62
5/7/2015,481.25
5/8/2015,486.99
5/11/2015,486.19
5/12/2015,485.8
5/13/2015,486.6
5/14/2015,491.15
5/15/2015,490.68
5/18/2015,491.66
5/19/2015,490.36
5/20/2015,488.57
5/21/2015,491.04
5/22/2015,488.89
5/26/2015,483.6
5/27/2015,486.32
5/28/2015,484.28
5/29/2015,479.48
6/1/2015,481.39
6/2/2015,482.22
6/3/2015,484.71
6/4/2015,479.18
6/5/2015,479.71
6/8/2015,476.18
6/9/2015,476.22
6/10/2015,481.09
6/11/2015,483.18
6/12/2015,480.65
6/15/2015,476.73
6/16/2015,477.12
6/17/2015,478.18
6/18/2015,482.77
6/19/2015,480.71
6/22/2015,483.2
6/23/2015,482.26
6/24/2015,477.73
6/25/2015,474.13
6/26/2015,475.01
6/29/2015,465.87
6/30/2015,466.37
7/1/2015,468.17
7/2/2015,467.93
7/6/2015,465.19
7/7/2015,468.98
7/8/2015,460.61
7/9/2015,462.23
7/10/2015,466.97
7/13/2015,471.81
7/14/2015,473.23
7/15/2015,471.66
7/16/2015,473.92
7/17/2015,473.91
7/20/2015,474.02
7/21/2015,468.98
7/22/2015,466.4
7/23/2015,462.07
7/24/2015,455.87
7/27/2015,453.97
7/28/2015,462.18
7/29/2015,467.88
7/30/2015,467.35
7/31/2015,467.04
8/3/2015,464.97
8/4/2015,464.42
8/5/2015,466.67
8/6/2015,464.61
8/7/2015,462.26
8/10/2015,471.04
8/11/2015,465.4
8/12/2015,465.33
8/13/2015,464.85
8/14/2015,467.79
8/17/2015,469.98
8/18/2015,469.22
8/19/2015,464.69
8/20/2015,454.88
8/21/2015,442.53
8/24/2015,427.74
8/25/2015,420.86
8/26/2015,433.9
8/27/2015,444.26
8/28/2015,444.84
8/31/2015,440.68
9/1/2015,429.08
9/2/2015,438.44
9/3/2015,438.79
9/4/2015,432.56
9/8/2015,444.64
9/9/2015,439.84
9/10/2015,440.22
9/11/2015,442.52
9/14/2015,440.43
9/15/2015,447.82
9/16/2015,451.82
9/17/2015,448.95
9/18/2015,439.64
9/21/2015,441.63
9/22/2015,435.7
9/23/2015,432.82
9/24/2015,429.79
9/25/2015,430.98
9/28/2015,422.45
9/29/2015,425.12
9/30/2015,431.78
10/1/2015,431.03
10/2/2015,436.05
10/5/2015,448.93
10/6/2015,448.82
10/7/2015,454.79
10/8/2015,461.27
10/9/2015,462.65
10/12/2015,463.14
10/13/2015,458.21
10/14/2015,453.54
10/15/2015,458.16
10/16/2015,457.07
10/19/2015,457.32
10/20/2015,459.79
10/21/2015,460.37
10/22/2015,473.18
10/23/2015,474.6
10/26/2015,473.94
10/27/2015,469.26
10/28/2015,472.48
10/29/2015,472.19
10/30/2015,471.16
11/2/2015,476.77
11/3/2015,476.82
11/4/2015,475.64
11/5/2015,476.05
11/6/2015,476.54
11/9/2015,472.7
11/10/2015,472.92
11/11/2015,474.26
11/12/2015,467.48
11/13/2015,465.56
11/16/2015,471.13
11/17/2015,470.17
11/18/2015,476.18
11/19/2015,477.84
11/20/2015,480.46
11/23/2015,478.41
11/24/2015,477.27
11/25/2015,476.73
11/27/2015,477.48
11/30/2015,474
12/1/2015,476.85
12/2/2015,471.9
12/3/2015,466.67
12/4/2015,473.47
12/7/2015,471.5
12/8/2015,464.14
12/9/2015,462.97
12/10/2015,465.2
12/11/2015,457.57
12/14/2015,458.55
12/15/2015,458.82
12/16/2015,467.02
12/17/2015,459.37
12/18/2015,452.38
12/21/2015,455.91
12/22/2015,461.43
12/23/2015,467.16
12/24/2015,466.79
12/28/2015,465.92
12/29/2015,470.27
12/30/2015,466.63
12/31/2015,463.53
1/4/2016,456.94
1/5/2016,457.88
1/6/2016,451.17
1/7/2016,438.56
1/8/2016,434.1
1/11/2016,434.43
1/12/2016,437.58
1/13/2016,427.44
1/14/2016,433.03
1/15/2016,424.82
1/19/2016,424.88
1/20/2016,419.13
1/21/2016,421.43
1/22/2016,424.64
1/25/2016,419.3
1/26/2016,426.95
1/27/2016,422.28
1/28/2016,424.84
1/29/2016,436.62
2/1/2016,435.2
2/2/2016,426.57
2/3/2016,433
2/4/2016,440.42
2/5/2016,435.8
2/8/2016,432
2/9/2016,434.32
2/10/2016,432.35
2/11/2016,423.68
2/12/2016,431.93
2/16/2016,440.59
2/17/2016,447.47
2/18/2016,446.8
2/19/2016,446.02
2/22/2016,453.56
2/23/2016,449.02
2/24/2016,449.48
2/25/2016,454.49
2/26/2016,455.03
2/29/2016,451.92
3/1/2016,460.93
3/2/2016,461.65
3/3/2016,464.41
3/4/2016,466.33
3/7/2016,467.23
3/8/2016,461.41
3/9/2016,462.52
3/10/2016,461.91
3/11/2016,468.56
3/14/2016,468.72
3/15/2016,468.18
3/16/2016,471.21
3/17/2016,480.62
3/18/2016,484.54
3/21/2016,485.73
3/22/2016,484.16
3/23/2016,481.34
3/24/2016,479.95
3/28/2016,480.71
3/29/2016,483.2
3/30/2016,485.46
3/31/2016,483.64
4/1/2016,484.44
4/4/2016,479.75
4/5/2016,477
4/6/2016,478.06
4/7/2016,474.53
4/8/2016,477.22
4/11/2016,476.33
4/12/2016,480.15
4/13/2016,486.71
4/14/2016,486.86
4/15/2016,487.08
4/18/2016,488.64
4/19/2016,491.13
4/20/2016,490.48
4/21/2016,488.83
4/22/2016,490.15
4/25/2016,487.18
4/26/2016,491.51
4/27/2016,494.97
4/28/2016,490.22
4/29/2016,487.65
5/2/2016,489.78
5/3/2016,485.81
5/4/2016,479.66
5/5/2016,479.1
5/6/2016,482.44
5/9/2016,480.24
5/10/2016,488.46
5/11/2016,484.49
5/12/2016,483.14
5/13/2016,477.34
5/16/2016,482.77
5/17/2016,480.3
5/18/2016,478.71
5/19/2016,474.16
5/20/2016,476.6
5/23/2016,475.52
5/24/2016,480.6
5/25/2016,483.75
5/26/2016,482.73
5/27/2016,483.85
5/31/2016,483.71
6/1/2016,483.81
6/2/2016,484.49
6/3/2016,484.39
6/6/2016,488.07
6/7/2016,490.13
6/8/2016,493.46
6/9/2016,493.41
6/10/2016,488.45
6/13/2016,483.04
6/14/2016,483.44
6/15/2016,483.57
6/16/2016,484.11
6/17/2016,484.27
6/20/2016,488.78
6/21/2016,488.53
6/22/2016,486.97
6/23/2016,492.56
6/24/2016,472.67
6/27/2016,461.99
6/28/2016,469.68
6/29/2016,477.94
6/30/2016,487.51
7/1/2016,489.3
7/5/2016,484.95
7/6/2016,487.3
7/7/2016,488.55
7/8/2016,497.86
7/11/2016,500.65
7/12/2016,505.14
7/13/2016,506.48
7/14/2016,510.23
7/15/2016,510.58
7/18/2016,509.97
7/19/2016,510.25
7/20/2016,511.27
7/21/2016,506.02
7/22/2016,506.49
7/25/2016,503.61
7/26/2016,507.26
7/27/2016,504.98
7/28/2016,505.27
7/29/2016,503.83
8/1/2016,503.28
8/2/2016,498.63
8/3/2016,500.62
8/4/2016,500.73
8/5/2016,505.83
8/8/2016,505.79
8/9/2016,506.05
8/10/2016,505.59
8/11/2016,508.68
8/12/2016,506.99
8/15/2016,510.07
8/16/2016,507.86
8/17/2016,509.36
8/18/2016,510.34
8/19/2016,510.37
8/22/2016,509.98
8/23/2016,510.17
8/24/2016,508.72
8/25/2016,508.3
8/26/2016,506.87
8/29/2016,509.52
8/30/2016,508.77
8/31/2016,506.25
9/1/2016,506.55
9/2/2016,508.64
9/6/2016,507.18
9/7/2016,507.86
9/8/2016,507.46
9/9/2016,493.25
9/12/2016,499.67
9/13/2016,491.97
9/14/2016,491.24
9/15/2016,494.59
9/16/2016,490.79
9/19/2016,492.46
9/20/2016,493.1
9/21/2016,499.45
9/22/2016,503.03
9/23/2016,499.77
9/26/2016,497.36
9/27/2016,501.37
9/28/2016,504.71
9/29/2016,500.69
9/30/2016,504.87
10/3/2016,505.07
10/4/2016,501.16
10/5/2016,504.03
10/6/2016,503.74
10/7/2016,497.63
10/10/2016,497.66
10/11/2016,492.68
10/12/2016,493.51
10/13/2016,493.62
10/14/2016,494.52
10/17/2016,493.46
10/18/2016,494.41
10/19/2016,496.04
10/20/2016,493.4
10/21/2016,492.59
10/24/2016,493.87
10/25/2016,491.9
10/26/2016,493.94
10/27/2016,490.33
10/28/2016,493.49
10/31/2016,494.44
11/1/2016,490.42
11/2/2016,488.45
11/3/2016,487.08
11/4/2016,487.91
11/7/2016,499.85
11/8/2016,502.78
11/9/2016,514.64
11/10/2016,525.22
11/11/2016,526.73
11/14/2016,528.91
11/15/2016,530.66
11/16/2016,527.13
11/17/2016,528.25
11/18/2016,528.21
11/21/2016,530.84
11/22/2016,533.41
11/23/2016,537.62
11/25/2016,540.24
11/28/2016,536.26
11/29/2016,536.67
11/30/2016,536.36
12/1/2016,540.54
12/2/2016,540.16
12/5/2016,539.52
12/6/2016,540.88
12/7/2016,550.51
12/8/2016,547.74
12/9/2016,550.37
12/12/2016,548.31
12/13/2016,547.58
12/14/2016,542.24
12/15/2016,542.4
12/16/2016,541.54
12/19/2016,544.75
12/20/2016,548.15
12/21/2016,545.94
12/22/2016,544.64
12/23/2016,545.02
12/27/2016,545.87
12/28/2016,540.48
12/29/2016,540.27
12/30/2016,538.07
1/3/2017,541.64
1/4/2017,544.52
1/5/2017,542.53
1/6/2017,545.48
1/9/2017,541.72
1/10/2017,543.43
1/11/2017,546.47
1/12/2017,544.5
1/13/2017,546.27
1/17/2017,541.99
1/18/2017,544
1/19/2017,547.2
1/20/2017,547
1/23/2017,543.19
1/24/2017,548.71
1/25/2017,554.4
1/26/2017,555.84
1/27/2017,554.79
1/30/2017,550.56
1/31/2017,545.43
2/1/2017,544.66
2/2/2017,543.21
2/3/2017,547.42
2/6/2017,547.69
2/7/2017,548.6
2/8/2017,547.96
2/9/2017,552.01
2/10/2017,556.14
2/13/2017,561.64
2/14/2017,561.98
2/15/2017,564.63
2/16/2017,564.75
2/17/2017,565.73
2/21/2017,568.44
2/22/2017,566.79
2/23/2017,562.42
2/24/2017,565.07
2/27/2017,566.73
2/28/2017,563.99
3/1/2017,573.26
3/2/2017,567.71
3/3/2017,568.13
3/6/2017,566.32
3/7/2017,564.51
3/8/2017,562.53
3/9/2017,559.94
3/10/2017,563.67
3/13/2017,563.15
3/14/2017,558
3/15/2017,564.2
3/16/2017,562.15
3/17/2017,564.64
3/20/2017,563.55
3/21/2017,554.95
3/22/2017,557.04
3/23/2017,556.22
3/24/2017,554.62
3/27/2017,552.66
3/28/2017,558.64
3/29/2017,558.31
3/30/2017,561.28
3/31/2017,559.63
4/3/2017,558.4
4/4/2017,559.47
4/5/2017,557.74
4/6/2017,559.45
4/7/2017,560.03
4/10/2017,561.25
4/11/2017,562.1
4/12/2017,554.68
4/13/2017,550.91
4/17/2017,556.54
4/18/2017,555.03
4/19/2017,555.71
4/20/2017,561.73
4/21/2017,562.08
4/24/2017,569.44
4/25/2017,572.51
4/26/2017,571.69
4/27/2017,571.62
4/28/2017,569.18
5/1/2017,567.3
5/2/2017,570.37
5/3/2017,570.8
5/4/2017,571.06
5/5/2017,574.28
5/8/2017,572.56
5/9/2017,573.68
5/10/2017,571.43
5/11/2017,571.26
5/12/2017,567.56
5/15/2017,570.14
5/16/2017,569.42
5/17/2017,557.71
5/18/2017,558.61
5/19/2017,566.2
5/22/2017,570.15
5/23/2017,571.27
5/24/2017,571.61
5/25/2017,575.15
5/26/2017,575.69
5/30/2017,574.93
5/31/2017,575.95
6/1/2017,579.88
6/2/2017,582.73
6/5/2017,580.19
6/6/2017,576.52
6/7/2017,575.71
6/8/2017,577.49
6/9/2017,579.87
6/12/2017,582.53
6/13/2017,584.55
6/14/2017,583.98
6/15/2017,587.22
6/16/2017,589.36
6/19/2017,592.65
6/20/2017,585.81
6/21/2017,581.9
6/22/2017,580.78
6/23/2017,583.04
6/26/2017,582.89
6/27/2017,578.12
6/28/2017,583.28
6/29/2017,578.5
6/30/2017,582.92
7/3/2017,586.37
7/5/2017,588.08
7/6/2017,582.4
7/7/2017,586.76
7/10/2017,587.84
7/11/2017,587.65
7/12/2017,591.03
7/13/2017,590.75
7/14/2017,593.52
7/17/2017,592.99
7/18/2017,591.47
7/19/2017,592.4
7/20/2017,588.8
7/21/2017,587.51
7/24/2017,585.19
7/25/2017,584.83
7/26/2017,585.75
7/27/2017,582.56
7/28/2017,583.81
7/31/2017,582.99
8/1/2017,581.73
8/2/2017,584.31
8/3/2017,587.03
8/4/2017,588.4
8/7/2017,587.84
8/8/2017,586.11
8/9/2017,586.11
8/10/2017,578.27
8/11/2017,578.9
8/14/2017,584.76
8/15/2017,583.4
8/16/2017,584.27
8/17/2017,574.29
8/18/2017,572.31
8/21/2017,572.83
8/22/2017,579.2
8/23/2017,573.97
8/24/2017,571.73
8/25/2017,574.27
8/28/2017,574.31
8/29/2017,578.04
8/30/2017,579.91
8/31/2017,582.01
9/1/2017,582.9
9/5/2017,576.57
9/6/2017,577.19
9/7/2017,577.56
9/8/2017,579.53
9/11/2017,584.51
9/12/2017,587.53
9/13/2017,586.76
9/14/2017,589.51
9/15/2017,591.55
9/18/2017,594.95
9/19/2017,595.43
9/20/2017,599.46
9/21/2017,601.47
9/22/2017,603.11
9/25/2017,603.1
9/26/2017,603.04
9/27/2017,603.22
9/28/2017,602.67
9/29/2017,604.38
10/2/2017,608.67
10/3/2017,611.59
10/4/2017,611.25
10/5/2017,612.66
10/6/2017,612.37
10/9/2017,609.97
10/10/2017,610.67
10/11/2017,610.45
10/12/2017,613.59
10/13/2017,612.01
10/16/2017,613.08
10/17/2017,611.34
10/18/2017,611.74
10/19/2017,613.37
10/20/2017,619.96
10/23/2017,614.97
10/24/2017,618.26
10/25/2017,611.9
10/26/2017,612.77
10/27/2017,612.26
10/30/2017,607.77
10/31/2017,605.29
11/1/2017,604.91
11/2/2017,608.16
11/3/2017,607.57
11/6/2017,607.73
11/7/2017,609.15
11/8/2017,607.98
11/9/2017,600.22
11/10/2017,600.98
11/13/2017,597.94
11/14/2017,595.54
11/15/2017,592.51
11/16/2017,597.47
11/17/2017,594.59
11/20/2017,597.06
11/21/2017,600.92
11/22/2017,601.75
11/24/2017,601.75
11/27/2017,602.86
11/28/2017,611.81
11/29/2017,617.24
11/30/2017,626.69
12/1/2017,619.37
12/4/2017,624.55
12/5/2017,618.99
12/6/2017,619.73
12/7/2017,625.3
12/8/2017,627.82
12/11/2017,626.51
12/12/2017,627.3
12/13/2017,629.53
12/14/2017,625.46
12/15/2017,629.88
12/18/2017,634.11
12/19/2017,634.16
12/20/2017,636.08
12/21/2017,636.48
12/22/2017,636.69
12/26/2017,637.02
12/27/2017,638.62
12/28/2017,639.66
12/29/2017,637.81
1/2/2018,642.65
1/3/2018,646.02
1/4/2018,650.89
1/5/2018,655.66
1/8/2018,658.02
1/9/2018,662
1/10/2018,662.55
1/11/2018,671.06
1/12/2018,676.88
1/16/2018,670.62
1/17/2018,673.68
1/18/2018,669.56
1/19/2018,670.9
1/22/2018,670.69
1/23/2018,671.63
1/24/2018,670.11
1/25/2018,671.14
1/26/2018,678.74
1/29/2018,674.38
1/30/2018,668.63
1/31/2018,671.32
2/1/2018,670.05
2/2/2018,656.51
2/5/2018,627.23
2/6/2018,637.69
2/7/2018,639.42
2/8/2018,614.18
2/9/2018,620.86
2/12/2018,630.63
2/13/2018,632.15
2/14/2018,639.84
2/15/2018,649.1
2/16/2018,649.44
2/20/2018,642.75
2/21/2018,642.7
2/22/2018,646.47
2/23/2018,651.61
2/26/2018,660.67
2/27/2018,652.52
2/28/2018,642.76
3/1/2018,630.39
3/2/2018,629.89
3/5/2018,637.49
3/6/2018,640.55
3/7/2018,640.5
3/8/2018,643.62
3/9/2018,657.58
3/12/2018,649.91
3/13/2018,646.4
3/14/2018,639.08
3/15/2018,641.16
3/16/2018,644.55
3/19/2018,639.26
3/20/2018,641.43
3/21/2018,642.19
3/22/2018,621.15
3/23/2018,612.52
3/26/2018,626.62
3/27/2018,618.05
3/28/2018,615.66
3/29/2018,624.95
4/2/2018,612.04
4/3/2018,620.51
4/4/2018,623.15
4/5/2018,629.4
4/6/2018,612.2
4/9/2018,610.09
4/10/2018,619.44
4/11/2018,614.77
4/12/2018,623.67
4/13/2018,622.18
4/16/2018,628.39
4/17/2018,633.66
4/18/2018,640.12
4/19/2018,638.26
4/20/2018,635.52
4/23/2018,635.03
4/24/2018,617.14
4/25/2018,618.85
4/26/2018,616.23
4/27/2018,615.51
4/30/2018,607.17
5/1/2018,604.39
5/2/2018,599.01
5/3/2018,600.31
5/4/2018,607.15
5/7/2018,611.36
5/8/2018,615.75
5/9/2018,622.56
5/10/2018,626.41
5/11/2018,627.76
5/14/2018,626.54
5/15/2018,624.24
5/16/2018,626.56
5/17/2018,628.47
5/18/2018,631.92
5/21/2018,641.62
5/22/2018,633.61
5/23/2018,632.68
5/24/2018,636.47
5/25/2018,635.28
5/29/2018,624.9
5/30/2018,632.69
5/31/2018,623.49
6/1/2018,630.67
6/4/2018,629.84
6/5/2018,630.93
6/6/2018,636.59
6/7/2018,637.9
6/8/2018,640.62
6/11/2018,641.6
6/12/2018,641.14
6/13/2018,635.9
6/14/2018,633.36
6/15/2018,631.75
6/18/2018,629.34
6/19/2018,615.87
6/20/2018,615.98
6/21/2018,608.67
6/22/2018,610.32
6/25/2018,602.73
6/26/2018,604.7
6/27/2018,599.95
6/28/2018,600.89
6/29/2018,602.1
7/2/2018,603.27
7/3/2018,601.02
7/5/2018,604.07
7/6/2018,606.4
7/9/2018,617.36
7/10/2018,619.48
7/11/2018,609.47
7/12/2018,616.29
7/13/2018,619.95
7/16/2018,617.22
7/17/2018,619.56
7/18/2018,626.54
7/19/2018,626.09
7/20/2018,625.4
7/23/2018,621.54
7/24/2018,624.67
7/25/2018,633
7/26/2018,638.34
7/27/2018,638.34
7/30/2018,632.36
7/31/2018,645.78
8/1/2018,637.5
8/2/2018,636.44
8/3/2018,636.98
8/6/2018,637.76
8/7/2018,642.24
8/8/2018,639.6
8/9/2018,635.94
8/10/2018,630.79
8/13/2018,627.51
8/14/2018,631.62
8/15/2018,628.56
8/16/2018,635.85
8/17/2018,639.72
8/20/2018,643.8
8/21/2018,648.64
8/22/2018,642.6
8/23/2018,640.2
8/24/2018,642.92
8/27/2018,650.79
8/28/2018,650.04
8/29/2018,650.52
8/30/2018,645.49
8/31/2018,645.72
9/4/2018,645.69
9/5/2018,649.61
9/6/2018,651.75
9/7/2018,649.72
9/10/2018,653.19
9/11/2018,652.77
9/12/2018,655.18
9/13/2018,658.5
9/14/2018,661.9
9/17/2018,662.08
9/18/2018,668
9/19/2018,667.72
9/20/2018,668.47
9/21/2018,670.54
9/24/2018,661.72
9/25/2018,659.53
9/26/2018,658.56
9/27/2018,659.4
9/28/2018,659.07
10/1/2018,665.01
10/2/2018,666.27
10/3/2018,669.25
10/4/2018,667.32
10/5/2018,664.07
10/8/2018,665.32
10/9/2018,655.28
10/10/2018,632.51
10/11/2018,618.11
10/12/2018,621.5
10/15/2018,622.84
10/16/2018,633.18
10/17/2018,628.93
10/18/2018,617.66
10/19/2018,615.16
10/22/2018,612.9
10/23/2018,603.1
10/24/2018,582.42
10/25/2018,586.71
10/26/2018,581
10/29/2018,571.24
10/30/2018,582.72
10/31/2018,587.5
11/1/2018,597.61
11/2/2018,595.95
11/5/2018,599.09
11/6/2018,605.69
11/7/2018,615.89
11/8/2018,614.34
11/9/2018,608.2
11/12/2018,596.09
11/13/2018,598.75
11/14/2018,596.52
11/15/2018,603.96
11/16/2018,603.75
11/19/2018,594.26
11/20/2018,581.76
11/21/2018,585.54
11/23/2018,584.29
11/26/2018,589.17
11/27/2018,587.67
11/28/2018,601.76
11/29/2018,601.61
11/30/2018,607.87
12/3/2018,614.95
12/4/2018,588.19
12/6/2018,584.93
12/7/2018,569.63
12/10/2018,571.09
12/11/2018,567.68
12/12/2018,570.76
12/13/2018,569.31
12/14/2018,561.11
12/17/2018,551.45
12/18/2018,554.65
12/19/2018,544.06
12/20/2018,534.25
12/21/2018,523.96
12/24/2018,507.5
12/26/2018,531.87
12/27/2018,538.49
12/28/2018,536.75
12/31/2018,542.16
1/2/2019,544.6
1/3/2019,528.5
1/4/2019,548.85
1/7/2019,552.56
1/8/2019,560.34
1/9/2019,563.87
1/10/2019,572
1/11/2019,571.3
1/14/2019,571.14
1/15/2019,569.31
1/16/2019,569.99
1/17/2019,579.39
1/18/2019,590.15
1/22/2019,577.93
1/23/2019,578.99
1/24/2019,582.23
1/25/2019,589.72
1/28/2019,583.82
1/29/2019,591.81
1/30/2019,601.01
1/31/2019,603.74
2/1/2019,604.94
2/4/2019,612.79
2/5/2019,618.15
2/6/2019,618.04
2/7/2019,613.43
2/8/2019,614.16
2/11/2019,617.56
2/12/2019,627.18
2/13/2019,631.15
2/14/2019,627.44
2/15/2019,635.82
2/19/2019,635.37
2/20/2019,638.47
2/21/2019,635.85
2/22/2019,639.89
2/25/2019,642.33
2/26/2019,640.44
2/27/2019,642.73
2/28/2019,640.33
3/1/2019,640.88
3/4/2019,637.82
3/5/2019,633.73
3/6/2019,627.76
3/7/2019,624.08
3/8/2019,622.52
3/11/2019,628.06
3/12/2019,622.34
3/13/2019,628.04
3/14/2019,625.86
3/15/2019,624.31
3/18/2019,629.74
3/19/2019,627.14
3/20/2019,623.19
3/21/2019,629.09
3/22/2019,614.81
3/25/2019,616.31
3/26/2019,620.65
3/27/2019,621.3
3/28/2019,626.06
3/29/2019,632.36
4/1/2019,645.46
4/2/2019,645.05
4/3/2019,643.34
4/4/2019,647.22
4/5/2019,649.13
4/8/2019,646.27
4/9/2019,637.24
4/10/2019,637.15
4/11/2019,642.78
4/12/2019,651.03
4/15/2019,647.67
4/16/2019,651.48
4/17/2019,652.43
4/18/2019,659.7
4/22/2019,657.6
4/23/2019,663.44
4/24/2019,661.38
4/25/2019,648.24
4/26/2019,652.91
4/29/2019,654.68
4/30/2019,657.97
5/1/2019,653.03
5/2/2019,652.17
5/3/2019,660.25
5/6/2019,653.88
5/7/2019,640.52
5/8/2019,640.58
5/9/2019,639.3
5/10/2019,641.72
5/13/2019,623.48
5/14/2019,630.14
5/15/2019,630.91
5/16/2019,636.37
5/17/2019,629.36
5/20/2019,627.59
5/21/2019,635.01
5/22/2019,629.83
5/23/2019,619.8
5/24/2019,620.08
5/28/2019,614.2
5/29/2019,611.41
5/30/2019,613.78
5/31/2019,604.8
6/3/2019,609.09
6/4/2019,623.5
6/5/2019,630.18
6/6/2019,630.22
6/7/2019,635.64
6/10/2019,636.44
6/11/2019,630.73
6/12/2019,632
6/13/2019,635.39
6/14/2019,632.91
6/17/2019,630.86
6/18/2019,642.81
6/19/2019,642.69
6/20/2019,653.07
6/21/2019,649.74
6/24/2019,648.24
6/25/2019,643.5
6/26/2019,644.8
6/27/2019,645.41
6/28/2019,651.69
7/1/2019,653.25
7/2/2019,652.38
7/3/2019,655.8
7/5/2019,652.39
7/8/2019,647.59
7/9/2019,646.22
7/10/2019,644.35
7/11/2019,648.92
7/12/2019,660.45
7/15/2019,657.74
7/16/2019,662.02
7/17/2019,647.63
7/18/2019,649.23
7/19/2019,652.22
7/22/2019,652.93
7/23/2019,661.01
7/24/2019,663.68
7/25/2019,662.3
7/26/2019,661.19
7/29/2019,660.02
7/30/2019,662.55
7/31/2019,655.57
8/1/2019,642.57
8/2/2019,638.4
8/5/2019,620.74
8/6/2019,630.03
8/7/2019,629.32
8/8/2019,639.8
8/9/2019,634.46
8/12/2019,625.81
8/13/2019,632.99
8/14/2019,614.04
8/15/2019,612.61
8/16/2019,624.22
8/19/2019,630.49
8/20/2019,626.1
8/21/2019,630.3
8/22/2019,631.18
8/23/2019,614.12
8/26/2019,618.66
8/27/2019,615.97
8/28/2019,622.48
8/29/2019,633.48
8/30/2019,636.24
9/3/2019,627.22
9/4/2019,635.4
9/5/2019,646.62
9/6/2019,647.68
9/9/2019,649.5
9/10/2019,655.99
9/11/2019,662.29
9/12/2019,662.79
9/13/2019,666.21
9/16/2019,665.21
9/17/2019,664.94
9/18/2019,664.01
9/19/2019,660.72
9/20/2019,656.39
9/23/2019,655.24
9/24/2019,651.05
9/25/2019,655.69
9/26/2019,656.23
9/27/2019,653.53
9/30/2019,654.89
10/1/2019,639.2
10/2/2019,626.62
10/3/2019,631.02
10/4/2019,637.93
10/7/2019,634.48
10/8/2019,624.51
10/9/2019,629.83
10/10/2019,635.25
10/11/2019,647.76
10/14/2019,646.23
10/15/2019,651.32
10/16/2019,651.04
10/17/2019,654.11
10/18/2019,648.41
10/21/2019,652.36
10/22/2019,657.62
10/23/2019,657.43
10/24/2019,658.24
10/25/2019,662.43
10/28/2019,664.12
10/29/2019,666.71
10/30/2019,668.93
10/31/2019,661.33
11/1/2019,675.93
11/4/2019,684.05
11/5/2019,685.41
11/6/2019,685.74
11/7/2019,687.29
11/8/2019,688.42
11/11/2019,688.92
11/12/2019,688.7
11/13/2019,685.95
11/14/2019,687.64
11/15/2019,692.36
11/18/2019,690.07
11/19/2019,689.24
11/20/2019,684.1
11/21/2019,683.02
11/22/2019,686.73
11/25/2019,691.65
11/26/2019,693.7
11/27/2019,692.44
11/29/2019,688.72
12/2/2019,677.64
12/3/2019,670.19
12/4/2019,672.38
12/5/2019,672.74
12/6/2019,681.2
12/9/2019,678.85
12/10/2019,677.67
12/11/2019,682.25
12/12/2019,688.12
12/13/2019,686.22
12/16/2019,686
12/17/2019,685.49
12/18/2019,682.08
12/19/2019,684.03
12/20/2019,687.99
12/23/2019,692.34
12/24/2019,689.99
12/26/2019,691.59
12/27/2019,691.34
12/30/2019,687.4
12/31/2019,687.6
1/2/2020,700.05
1/3/2020,699.23
1/6/2020,699.04
1/7/2020,698.18
1/8/2020,699.78
1/9/2020,702.98
1/10/2020,697.97
1/13/2020,704.16
1/14/2020,704.15
1/15/2020,704.75
1/16/2020,711.84
1/17/2020,711.83
1/21/2020,704.1
1/22/2020,700.02
1/23/2020,707.9
1/24/2020,704.53
1/27/2020,691.38
1/28/2020,695.72
1/29/2020,699.57
1/30/2020,700.16
1/31/2020,684.12
2/3/2020,683.84
2/4/2020,696.42
2/5/2020,707.99
2/6/2020,710.17
2/7/2020,705.2
2/10/2020,709.17
2/11/2020,711.68
2/12/2020,718.21
2/13/2020,713.22
2/14/2020,712.8
2/18/2020,708.8
2/19/2020,708.42
2/20/2020,707.25
2/21/2020,704.12
2/24/2020,683.15
2/25/2020,655.63
2/26/2020,650.42
2/27/2020,625.79
2/28/2020,618.39
3/2/2020,635.4
3/3/2020,619.97
3/4/2020,645.95
3/5/2020,613.91
3/6/2020,608.4
3/9/2020,552.41
3/10/2020,581.23
3/11/2020,546.68
3/12/2020,490.22
3/13/2020,528.6
3/16/2020,468.1
3/17/2020,487.75
3/18/2020,452.86
3/19/2020,454.35
3/20/2020,431.44
3/23/2020,412.06
3/24/2020,464.6
3/25/2020,489.2
3/26/2020,520.58
3/27/2020,498.02
3/30/2020,505.54
3/31/2020,499.12
4/1/2020,476.24
4/2/2020,483.2
4/3/2020,475.7
4/6/2020,509.1
4/7/2020,508.15
4/8/2020,526.68
4/9/2020,534.19
4/13/2020,518.92
4/14/2020,528.73
4/15/2020,513.82
4/16/2020,509.49
4/17/2020,533.43
4/20/2020,519.05
4/21/2020,506.51
4/22/2020,512.31
4/23/2020,516.24
4/24/2020,520.2
4/27/2020,533.32
4/28/2020,543.13
4/29/2020,553.65
4/30/2020,542.35
5/1/2020,526.21
5/4/2020,519.21
5/5/2020,521.43
5/6/2020,514.31
5/7/2020,520.17
5/8/2020,533.16
5/11/2020,526.51
5/12/2020,511.55
5/13/2020,498.43
5/14/2020,503.27
5/15/2020,501.72
5/18/2020,534.9
5/19/2020,528.03
5/20/2020,537.56
5/21/2020,538.45
5/22/2020,537.84
5/26/2020,560.67
5/27/2020,579.41
5/28/2020,573.74
5/29/2020,570.15
6/1/2020,571.28
6/2/2020,578.63
6/3/2020,601.27
6/4/2020,607.57
6/5/2020,630.14
6/8/2020,642.58
6/9/2020,626.44
6/10/2020,611.5
6/11/2020,568.41
6/12/2020,579.51
6/15/2020,584.88
6/16/2020,596.22
6/17/2020,592.26
6/18/2020,590.29
6/19/2020,582.81
6/22/2020,583.95
6/23/2020,583.95
6/24/2020,563.44
6/25/2020,569.72
6/26/2020,559.4
6/29/2020,577.25
6/30/2020,581
7/1/2020,578.19
7/2/2020,582.8
7/6/2020,591.44
7/7/2020,579.97
7/8/2020,579.78
7/9/2020,567.38
7/10/2020,574.69
7/13/2020,577.09
7/14/2020,589.67
7/15/2020,604.71
7/16/2020,604.74
7/17/2020,608.04
7/20/2020,601.01
7/21/2020,608.86
7/22/2020,613.87
7/23/2020,611.76
7/24/2020,606.87
7/27/2020,609.26
7/28/2020,605.24
7/29/2020,614.28
7/30/2020,608.33
7/31/2020,605.88
8/3/2020,608.31
8/4/2020,609.97
8/5/2020,621.97
8/6/2020,623.94
8/7/2020,634.74
8/10/2020,650.15
8/11/2020,653.59
8/12/2020,655.94
8/13/2020,651.68
8/14/2020,654.39
8/17/2020,651.15
8/18/2020,647.64
8/19/2020,645.8
8/20/2020,642.7
8/21/2020,644.59
8/24/2020,656.15
8/25/2020,655.54
8/26/2020,655.85
8/27/2020,658
8/28/2020,664.07
8/31/2020,656.22
9/1/2020,662.5
9/2/2020,673.29
9/3/2020,654.42
9/4/2020,655.8
9/8/2020,643.11
9/9/2020,653.19
9/10/2020,644.91
9/11/2020,653.85
9/14/2020,662.43
9/15/2020,662.95
9/16/2020,669.49
9/17/2020,671.06
9/18/2020,663.78
9/21/2020,641.33
9/22/2020,647.93
9/23/2020,636.51
9/24/2020,637.05
9/25/2020,646.54
9/28/2020,658.23
9/29/2020,652.39
9/30/2020,650.68
10/1/2020,648.74
10/2/2020,655.83
10/5/2020,666.52
10/6/2020,658.49
10/7/2020,673.1
10/8/2020,679.36
10/9/2020,682.05
10/12/2020,686.01
10/13/2020,678.71
10/14/2020,682.35
10/15/2020,684.71
10/16/2020,689.55
10/19/2020,681.01
10/20/2020,684.7
10/21/2020,677.92
10/22/2020,683.01
10/23/2020,685.74
10/26/2020,668.6
10/27/2020,654.04
10/28/2020,632.4
10/29/2020,641.58
10/30/2020,641.01
11/2/2020,658.54
11/3/2020,677.69
11/4/2020,670.97
11/5/2020,686.25
11/6/2020,687.16
11/9/2020,710.14
11/10/2020,722.88
11/11/2020,716.55
11/12/2020,708.21
11/13/2020,723.41
11/16/2020,741.35
11/17/2020,739.26
11/18/2020,735.92
11/19/2020,737.69
11/20/2020,730.99
11/23/2020,742.96
11/24/2020,756.3
11/25/2020,750.4
11/27/2020,748.75
11/30/2020,741.25
12/1/2020,740.02
12/2/2020,740.88
12/3/2020,742.89
12/4/2020,751.94
12/7/2020,748.3
12/8/2020,751.51
12/9/2020,753.31
12/10/2020,746.29
12/11/2020,748.01
12/14/2020,738.42
12/15/2020,748.57
12/16/2020,743.97
12/17/2020,748.34
12/18/2020,748.53
12/21/2020,744.2
12/22/2020,740.19
12/23/2020,743.57
12/24/2020,744.1
12/28/2020,745.11
12/29/2020,740.08
12/30/2020,744.99
12/31/2020,749.54
1/4/2021,730.44
1/5/2021,737.89
1/6/2021,755.34
1/7/2021,759.48
1/8/2021,757.79
1/11/2021,757.35
1/12/2021,765.17
1/13/2021,758.57
1/14/2021,760.8
1/15/2021,751.1
1/19/2021,753.5
1/20/2021,758.3
1/21/2021,752.13
1/22/2021,748.41
1/25/2021,743.26
1/26/2021,736.48
1/27/2021,721.47
1/28/2021,732.34
1/29/2021,717.01
2/1/2021,723.93
2/2/2021,739.52
2/3/2021,739.92
2/4/2021,748.06
2/5/2021,752.03
2/8/2021,758.84
2/9/2021,760.45
2/10/2021,759.21
2/11/2021,757.66
2/12/2021,762.72
2/16/2021,762.36
2/17/2021,760.01
2/18/2021,756.26
2/19/2021,768.39
2/22/2021,770.71
2/23/2021,772.88
2/24/2021,787.82
2/25/2021,772.43
2/26/2021,764.55
3/1/2021,783.76
3/2/2021,781.68
3/3/2021,782.25
3/4/2021,769.69
3/5/2021,788.1
3/8/2021,796.38
3/9/2021,793.3
3/10/2021,804.77
3/11/2021,805.43
3/12/2021,816.2
3/15/2021,822.9
3/16/2021,811.09
3/17/2021,820.2
3/18/2021,819.78
3/19/2021,813.8
3/22/2021,812.99
3/23/2021,798.66
3/24/2021,804.49
3/25/2021,817.07
3/26/2021,831.5
3/29/2021,831.57
3/30/2021,834.72
3/31/2021,831.98
4/1/2021,835.29
4/5/2021,845.87
4/6/2021,843.63
4/7/2021,839.89
4/8/2021,841.63
4/9/2021,849.97
4/12/2021,852.86
4/13/2021,849
4/14/2021,849.91
4/15/2021,853.19
4/16/2021,854.96
4/19/2021,851.5
4/20/2021,842.2
4/21/2021,853.63
4/22/2021,849.59
4/23/2021,858.65
4/26/2021,856.18
4/27/2021,863.63
4/28/2021,861.32
4/29/2021,867.31
4/30/2021,861.51
5/3/2021,870.4
5/4/2021,873.99
5/5/2021,875.14
5/6/2021,881.19
5/7/2021,890.44
5/10/2021,891.14
5/11/2021,878.28
5/12/2021,856.82
5/13/2021,873.08
5/14/2021,884.78
5/17/2021,882.29
5/18/2021,869.28
5/19/2021,864.22
5/20/2021,866
5/21/2021,869.73
5/24/2021,874.9
5/25/2021,872.36
5/26/2021,875.34
5/27/2021,887.3
5/28/2021,886.44
6/1/2021,890.2
6/2/2021,887.57
6/3/2021,885.39
6/4/2021,888.37
6/7/2021,882.26
6/8/2021,884.52
6/9/2021,875.44
6/10/2021,871.31
6/11/2021,872.96
6/14/2021,868.74
6/15/2021,872.8
6/16/2021,864.18
6/17/2021,850.79
6/18/2021,840.16
6/21/2021,858.47
6/22/2021,859.57
6/23/2021,857.22
6/24/2021,863.8
6/25/2021,865.68
6/28/2021,861.15
6/29/2021,859.06
6/30/2021,866.24
7/1/2021,871.58
7/2/2021,873.16
7/6/2021,865.05
7/7/2021,873.7
7/8/2021,861.24
7/9/2021,875.18
7/12/2021,876.1
7/13/2021,867.64
7/14/2021,867.32
7/15/2021,869.28
7/16/2021,861.83
7/19/2021,843.41
7/20/2021,866.5
7/21/2021,875.17
7/22/2021,872.15
7/23/2021,875.77
7/26/2021,875.64
7/27/2021,870.98
7/28/2021,868.43
7/29/2021,875.11
7/30/2021,873.59
8/2/2021,867.26
8/3/2021,879.2
8/4/2021,867.18
8/5/2021,871.48
8/6/2021,875.1
8/9/2021,871.6
8/10/2021,880.42
8/11/2021,891.88
8/12/2021,889.83
8/13/2021,887.01
8/16/2021,890.05
8/17/2021,880.61
8/18/2021,870.92
8/19/2021,864.22
8/20/2021,866.26
8/23/2021,873.27
8/24/2021,877.91
8/25/2021,883.2
8/26/2021,879.4
8/27/2021,885.51
8/30/2021,884.13
8/31/2021,881.64
9/1/2021,878.46
9/2/2021,887.38
9/3/2021,881.86
9/7/2021,866.25
9/8/2021,867.78
9/9/2021,863.66
9/10/2021,859.64
9/13/2021,861.94
9/14/2021,851.33
9/15/2021,860.85
9/16/2021,855.16
9/17/2021,846.2
9/20/2021,836.47
9/21/2021,830.6
9/22/2021,838.6
9/23/2021,851.56
9/24/2021,852.92
9/27/2021,853.83
9/28/2021,844.03
9/29/2021,844.69
9/30/2021,826.83
10/1/2021,838.5
10/4/2021,834.04
10/5/2021,843.21
10/6/2021,847.05
10/7/2021,853.55
10/8/2021,853.35
10/11/2021,846.88
10/12/2021,844.1
10/13/2021,845.64
10/14/2021,861.61
10/15/2021,869.92
10/18/2021,870.72
10/19/2021,875.68
10/20/2021,881.16
10/21/2021,883.1
10/22/2021,885.75
10/25/2021,887.72
10/26/2021,882.77
10/27/2021,872.06
10/28/2021,883.29
10/29/2021,883.3
11/1/2021,886
11/2/2021,888.68
11/3/2021,886.98
11/4/2021,890.69
11/5/2021,899.52
11/8/2021,903.05
11/9/2021,905.34
11/10/2021,899.64
11/11/2021,895.88
11/12/2021,903.16
11/15/2021,904.56
11/16/2021,904.51
11/17/2021,899.42
11/18/2021,897.01
11/19/2021,892.29
11/22/2021,894.8
11/23/2021,896.34
11/24/2021,895.2
11/26/2021,870.76
11/29/2021,872.81
11/30/2021,850.54
12/1/2021,838.37
12/2/2021,862.59
12/3/2021,862.21
12/6/2021,876.33
12/7/2021,885.38
12/8/2021,887.79
12/9/2021,885.06
12/10/2021,888.5
12/13/2021,879.25
12/14/2021,870.72
12/15/2021,878.47
12/16/2021,878.92
12/17/2021,863.98
12/20/2021,849.69
12/21/2021,866.35
12/22/2021,869.19
12/23/2021,879.3
12/27/2021,888.53
12/28/2021,893.07
12/29/2021,894.53
12/30/2021,891.03
12/31/2021,894.96
1/3/2022,887.59
1/4/2022,905.63
1/5/2022,896.95
1/6/2022,901.01
1/7/2022,900.75
1/10/2022,890.39
1/11/2022,896.03
1/12/2022,898.68
1/13/2022,900.33
1/14/2022,895.18
1/18/2022,884.54
1/19/2022,874.8
1/20/2022,863.97
1/21/2022,855.63
1/24/2022,860.2
1/25/2022,852.17
1/26/2022,845.14
1/27/2022,837.31
1/28/2022,843.04
1/31/2022,852.34
2/1/2022,864.43
2/2/2022,870.21
2/3/2022,855.65
2/4/2022,846.52
2/7/2022,847.11
2/8/2022,855.62
2/9/2022,867.32
2/10/2022,852.97
2/11/2022,840.15
2/14/2022,836.79
2/15/2022,849.45
2/16/2022,853.85
2/17/2022,837.99
2/18/2022,830.34
2/22/2022,822.67
2/23/2022,807.23
2/24/2022,817.22
2/25/2022,836.86
2/28/2022,842.73
3/1/2022,829.85
3/2/2022,848.06
3/3/2022,848.73
3/4/2022,846.81
3/7/2022,824.02
3/8/2022,818.79
3/9/2022,833.65
3/10/2022,832.65
3/11/2022,826
3/14/2022,828.66
3/15/2022,841.52
3/16/2022,852.61
3/17/2022,864.05
3/18/2022,867.47
3/21/2022,868.94
3/22/2022,873.54
3/23/2022,865.55
3/24/2022,872
3/25/2022,877.48
3/28/2022,877.75
3/29/2022,885.63
3/30/2022,884.31
3/31/2022,870.46
4/1/2022,864.37
4/4/2022,862.86
4/5/2022,850.83
4/6/2022,844.33
4/7/2022,846.93
4/8/2022,841.81
4/11/2022,839.33
4/12/2022,838.15
4/13/2022,846.25
4/14/2022,845.44
4/18/2022,842.21
4/19/2022,857.43
4/20/2022,862.09
4/21/2022,853.46
4/22/2022,832.24
4/25/2022,832.25
4/26/2022,814
4/27/2022,816.88
4/28/2022,826.23
4/29/2022,804.56
5/2/2022,805.92
5/3/2022,811.56
5/4/2022,834.85
5/5/2022,812.62
5/6/2022,807.37
5/9/2022,787.95
5/10/2022,782.85
5/11/2022,775.59
5/12/2022,776.66
5/13/2022,786.26
5/16/2022,784.94
5/17/2022,802.83
5/18/2022,772.7
5/19/2022,765.4
5/20/2022,757.2
5/23/2022,769.57
5/24/2022,768.63
5/25/2022,773.54
5/26/2022,788.97
5/27/2022,805.12
5/31/2022,798.27
6/1/2022,793.32
6/2/2022,808.34
6/3/2022,805.43
6/6/2022,808.67
6/7/2022,819.64
6/8/2022,804.65
6/9/2022,788.81
6/10/2022,765.48
6/13/2022,742.31
6/14/2022,740.45
6/15/2022,747.92
6/16/2022,722.66
6/17/2022,720.96
6/21/2022,733.82
6/22/2022,729.9
6/23/2022,726.06
6/24/2022,751.42
6/27/2022,749.55
6/28/2022,740.94
6/29/2022,736.35
6/30/2022,738.41
7/1/2022,745.11
7/5/2022,733.72
7/6/2022,738.19
7/7/2022,746.95
7/8/2022,743.51
7/11/2022,738.54
7/12/2022,736.16
7/13/2022,727.32
7/14/2022,723.08
7/15/2022,734.53
7/18/2022,730.13
7/19/2022,756.29
7/20/2022,761.87
7/21/2022,767.07
7/22/2022,764.72
7/25/2022,768.31
7/26/2022,764.25
7/27/2022,776.32
7/28/2022,792.4
7/29/2022,808.28
8/1/2022,809.29
8/2/2022,800.77
8/3/2022,808.58
8/4/2022,811.11
8/5/2022,812.82
8/8/2022,812.2
8/9/2022,809.19
8/10/2022,827.15
8/11/2022,830.99
8/12/2022,843.18
8/15/2022,845.16
8/16/2022,848.93
8/17/2022,842.34
8/18/2022,845.08
8/19/2022,834.36
8/22/2022,818.13
8/23/2022,819.66
8/24/2022,822.33
8/25/2022,834.87
8/26/2022,805.58
8/29/2022,802.04
8/30/2022,790.2
8/31/2022,783.36
9/1/2022,784.43
9/2/2022,776.67
9/6/2022,777.89
9/7/2022,790.56
9/8/2022,792.76
9/9/2022,803
9/12/2022,807.86
9/13/2022,777.27
9/14/2022,775.84
9/15/2022,767.56
9/16/2022,751.77
9/19/2022,761.79
9/20/2022,752.38
9/21/2022,742.32
9/22/2022,731.27
9/23/2022,717.6
9/26/2022,709.46
9/27/2022,707.27
9/28/2022,723.1
9/29/2022,709.87
9/30/2022,700.6
10/3/2022,722
10/4/2022,747.2
10/5/2022,742.89
10/6/2022,734.78
10/7/2022,720.66
10/10/2022,723.01
10/11/2022,723.1
10/12/2022,717.22
10/13/2022,732.98
10/14/2022,716.63
10/17/2022,732.72
10/18/2022,750.01
10/19/2022,744.84
10/20/2022,730.61
10/21/2022,749.96
10/24/2022,760.09
10/25/2022,770.33
10/26/2022,772.98
10/27/2022,781.82
10/28/2022,800.42
10/31/2022,797.71
11/1/2022,797.24
11/2/2022,783.19
11/3/2022,791.34
11/4/2022,803.92
11/7/2022,812.48
11/8/2022,819.46
11/9/2022,807.6
11/10/2022,841.77
11/11/2022,840.9
11/14/2022,835.18
11/15/2022,841.64
11/16/2022,835.1
11/17/2022,833.02
11/18/2022,838.94
11/21/2022,842.06
11/22/2022,848.4
11/23/2022,851.7
11/25/2022,854.86
11/28/2022,839.42
11/29/2022,844.62
11/30/2022,858.06
12/1/2022,858.03
12/2/2022,863.37
12/5/2022,848.65
12/6/2022,838.91
12/7/2022,837.76
12/8/2022,842.55
12/9/2022,835.7
12/12/2022,849.99
12/13/2022,853.02
12/14/2022,851.42
12/15/2022,830.55
12/16/2022,826.54
12/19/2022,822.28
12/20/2022,823.45
12/21/2022,838.65
12/22/2022,828.14
12/23/2022,832.86
12/27/2022,835.58
12/28/2022,824.6
12/29/2022,834.7
12/30/2022,831.4
1/3/2023,833.12
1/4/2023,840.73
1/5/2023,831.6
1/6/2023,854
1/9/2023,850.41
1/10/2023,855
1/11/2023,863.19
1/12/2023,868.1
1/13/2023,867.03
1/17/2023,859.73
1/18/2023,843.87
1/19/2023,826.29
1/20/2023,837.89
1/23/2023,847.05
1/24/2023,852.53
1/25/2023,848.01
1/26/2023,852.73
1/27/2023,855.73
1/30/2023,847.44
1/31/2023,861.96
2/1/2023,868.1
2/2/2023,874.82
2/3/2023,870.28
2/6/2023,868.47
2/7/2023,870.62
2/8/2023,865.51
2/9/2023,857.89
2/10/2023,864.22
2/13/2023,871.83
2/14/2023,869.36
2/15/2023,874.82
2/16/2023,865.28
2/17/2023,870.74
2/21/2023,850.77
2/22/2023,848.54
2/23/2023,851.92
2/24/2023,846.99
2/27/2023,854.04
2/28/2023,851.88
3/1/2023,855.08
3/2/2023,865.34
3/3/2023,874.52
3/6/2023,872.77
3/7/2023,861.7
3/8/2023,863.67
3/9/2023,851
3/10/2023,835.48
3/13/2023,830.38
3/14/2023,839.14
3/15/2023,818.08
3/16/2023,828.48
3/17/2023,815
3/20/2023,826.06
3/21/2023,835.38
3/22/2023,819.46
3/23/2023,817.61
3/24/2023,820.48
3/27/2023,827.24
3/28/2023,831.74
3/29/2023,843.55
3/30/2023,845.47
3/31/2023,856.59
4/3/2023,858.21
4/4/2023,838.88
4/5/2023,827.97
4/6/2023,827.76
4/10/2023,835.19
4/11/2023,840.11
4/12/2023,842.91
4/13/2023,846.09
4/14/2023,845.07
4/17/2023,851.74
4/18/2023,855.69
4/19/2023,855.09
4/20/2023,853.51
4/21/2023,851.44
4/24/2023,853.37
4/25/2023,837.71
4/26/2023,822.05
4/27/2023,838.37
4/28/2023,846.11
5/1/2023,850.77
5/2/2023,841.85
5/3/2023,838.62
5/4/2023,829.44
5/5/2023,841.93
5/8/2023,838.82
5/9/2023,840.28
5/10/2023,837.56
5/11/2023,832.15
5/12/2023,832.24
5/15/2023,836.46
5/16/2023,825.06
5/17/2023,839.09
5/18/2023,844.69
5/19/2023,842.42
5/22/2023,842.45
5/23/2023,832.07
5/24/2023,821.53
5/25/2023,824.03
5/26/2023,830.39
5/30/2023,828.48
5/31/2023,816.88
6/1/2023,827.19
6/2/2023,851.69
6/5/2023,845.64
6/6/2023,850.74
6/7/2023,864.24
6/8/2023,865.78
6/9/2023,863.48
6/12/2023,869.48
6/13/2023,879.55
6/14/2023,876.99
6/15/2023,890.25
6/16/2023,888.91
6/20/2023,882.17
6/21/2023,887.17
6/22/2023,880.85
6/23/2023,874.25
6/26/2023,881.18
6/27/2023,892.24
6/28/2023,891.9
6/29/2023,900.26
6/30/2023,908.09
7/3/2023,908.72
7/5/2023,903.24
7/6/2023,896.56
7/7/2023,898.61
7/10/2023,911.11
7/11/2023,922.06
7/12/2023,920.19
7/13/2023,921.59
7/14/2023,918.53
7/17/2023,922.4
7/18/2023,927.62
7/19/2023,927.15
7/20/2023,930.92
7/21/2023,926.65
7/24/2023,928.85
7/25/2023,927.64
7/26/2023,933.79
7/27/2023,926.15
7/28/2023,931.88