date,metals
6/28/2013,192.41
7/1/2013,195.04
7/2/2013,187.85
7/3/2013,189.5
7/5/2013,183.29
7/8/2013,181.46
7/9/2013,183.32
7/10/2013,182.43
7/11/2013,194.22
7/12/2013,190.21
7/15/2013,190.08
7/16/2013,197.32
7/17/2013,193.5
7/18/2013,193.12
7/19/2013,199.52
7/22/2013,208.72
7/23/2013,214.74
7/24/2013,205.11
7/25/2013,205.96
7/26/2013,208.64
7/29/2013,206.73
7/30/2013,204.82
7/31/2013,204.54
8/1/2013,202.55
8/2/2013,199.57
8/5/2013,198.14
8/6/2013,190.46
8/7/2013,189.95
8/8/2013,203.61
8/9/2013,208
8/12/2013,215.68
8/13/2013,210.71
8/14/2013,219.18
8/15/2013,228.33
8/16/2013,224.92
8/19/2013,221.57
8/20/2013,226.79
8/21/2013,218.48
8/22/2013,222.16
8/23/2013,226.94
8/26/2013,227.91
8/27/2013,219.72
8/28/2013,215.88
8/29/2013,217.39
8/30/2013,214.76
9/3/2013,217.72
9/4/2013,218.31
9/5/2013,212.64
9/6/2013,215.35
9/9/2013,215.79
9/10/2013,209.1
9/11/2013,212.26
9/12/2013,204.47
9/13/2013,205.54
9/16/2013,205.75
9/17/2013,208.24
9/18/2013,223.12
9/19/2013,217.49
9/20/2013,207.71
9/23/2013,206.02
9/24/2013,206.07
9/25/2013,208.58
9/26/2013,206.73
9/27/2013,205.89
9/30/2013,205.82
10/1/2013,201.58
10/2/2013,203.91
10/3/2013,201.06
10/4/2013,202.05
10/7/2013,203.68
10/8/2013,198.55
10/9/2013,198.91
10/10/2013,199.1
10/11/2013,196.11
10/14/2013,197.6
10/15/2013,201.06
10/16/2013,199.33
10/17/2013,207.18
10/18/2013,206.79
10/21/2013,209.86
10/22/2013,219.2
10/23/2013,215.15
10/24/2013,222.29
10/25/2013,223.33
10/28/2013,224.74
10/29/2013,221.27
10/30/2013,222.93
10/31/2013,215.68
11/1/2013,209.23
11/4/2013,214.4
11/5/2013,212.7
11/6/2013,214.65
11/7/2013,210.13
11/8/2013,212.42
11/11/2013,211.88
11/12/2013,207.8
11/13/2013,209.51
11/14/2013,212.86
11/15/2013,211.71
11/18/2013,208.53
11/19/2013,208.94
11/20/2013,203.85
11/21/2013,201.65
11/22/2013,199.83
11/25/2013,198.46
11/26/2013,194.85
11/27/2013,194.42
11/29/2013,196.16
12/2/2013,188.5
12/3/2013,186.69
12/4/2013,189.79
12/5/2013,185.99
12/6/2013,185.87
12/9/2013,188.92
12/10/2013,194.76
12/11/2013,189.73
12/12/2013,188.43
12/13/2013,189.03
12/16/2013,190.99
12/17/2013,191.14
12/18/2013,190.18
12/19/2013,187.9
12/20/2013,188.62
12/23/2013,189.02
12/24/2013,193.92
12/26/2013,195
12/27/2013,197.3
12/30/2013,194.39
12/31/2013,197.59
1/2/2014,202.66
1/3/2014,200.77
1/6/2014,200.69
1/7/2014,199.7
1/8/2014,196.71
1/9/2014,194.53
1/10/2014,199.63
1/13/2014,200.48
1/14/2014,198.25
1/15/2014,200.62
1/16/2014,202.52
1/17/2014,205.39
1/21/2014,206.69
1/22/2014,202.36
1/23/2014,205.78
1/24/2014,203.57
1/27/2014,198.62
1/28/2014,201.56
1/29/2014,205.3
1/30/2014,201.83
1/31/2014,201.58
2/3/2014,198.76
2/4/2014,198.78
2/5/2014,197.17
2/6/2014,198.14
2/7/2014,203.31
2/10/2014,206.81
2/11/2014,212.91
2/12/2014,208.37
2/13/2014,215.29
2/14/2014,219.11
2/18/2014,220.09
2/19/2014,214.44
2/20/2014,221.93
2/21/2014,220.45
2/24/2014,221.32
2/25/2014,218.64
2/26/2014,217.85
2/27/2014,217.91
2/28/2014,214.9
3/3/2014,217.56
3/4/2014,217.89
3/5/2014,220.75
3/6/2014,222.59
3/7/2014,216.37
3/10/2014,213.71
3/11/2014,213.29
3/12/2014,217.86
3/13/2014,221.08
3/14/2014,223.55
3/17/2014,220.41
3/18/2014,218.83
3/19/2014,211.93
3/20/2014,212.37
3/21/2014,214.66
3/24/2014,206.74
3/25/2014,208.47
3/26/2014,202.17
3/27/2014,204.87
3/28/2014,208.13
3/31/2014,204.85
4/1/2014,205.13
4/2/2014,209.58
4/3/2014,208.2
4/4/2014,209.1
4/7/2014,208.63
4/8/2014,213.76
4/9/2014,214.99
4/10/2014,211.09
4/11/2014,208.06
4/14/2014,211.41
4/15/2014,207.92
4/16/2014,206.3
4/17/2014,204.85
4/21/2014,204.56
4/22/2014,206.63
4/23/2014,210.19
4/24/2014,208.9
4/25/2014,212.53
4/28/2014,208.82
4/29/2014,211.76
4/30/2014,210.7
5/1/2014,208.25
5/2/2014,212.36
5/5/2014,211.79
5/6/2014,210.66
5/7/2014,208.24
5/8/2014,207.52
5/9/2014,207.18
5/12/2014,210.57
5/13/2014,210.83
5/14/2014,211.84
5/15/2014,209.01
5/16/2014,207.25
5/19/2014,207.05
5/20/2014,205.92
5/21/2014,206.25
5/22/2014,205.74
5/23/2014,205.25
5/27/2014,198.83
5/28/2014,196.34
5/29/2014,198.05
5/30/2014,199.11
6/2/2014,197.69
6/3/2014,197.74
6/4/2014,198.34
6/5/2014,200.82
6/6/2014,200.55
6/9/2014,199.53
6/10/2014,201.74
6/11/2014,202.76
6/12/2014,204.81
6/13/2014,206.29
6/16/2014,205.52
6/17/2014,206.71
6/18/2014,211.57
6/19/2014,217.9
6/20/2014,217.78
6/23/2014,222.84
6/24/2014,218.27
6/25/2014,219.47
6/26/2014,220.73
6/27/2014,221.65
6/30/2014,224.96
7/1/2014,224.34
7/2/2014,227.83
7/3/2014,228.36
7/7/2014,226.53
7/8/2014,229.19
7/9/2014,233.44
7/10/2014,230.73
7/11/2014,234.85
7/14/2014,230.94
7/15/2014,225.78
7/16/2014,230.03
7/17/2014,233.03
7/18/2014,232.38
7/21/2014,232.57
7/22/2014,231.02
7/23/2014,230.01
7/24/2014,225.96
7/25/2014,230.68
7/28/2014,232.01
7/29/2014,230.63
7/30/2014,229.14
7/31/2014,223.58
8/1/2014,223.92
8/4/2014,224.27
8/5/2014,224.58
8/6/2014,227.23
8/7/2014,226.63
8/8/2014,227.7
8/11/2014,229.55
8/12/2014,232.13
8/13/2014,231.57
8/14/2014,230.11
8/15/2014,228.46
8/18/2014,229.38
8/19/2014,227.9
8/20/2014,228.89
8/21/2014,224.88
8/22/2014,223.53
8/25/2014,221.52
8/26/2014,224.45
8/27/2014,224.23
8/28/2014,225.51
8/29/2014,227.87
9/2/2014,220.46
9/3/2014,219.5
9/4/2014,214.15
9/5/2014,214.1
9/8/2014,209.8
9/9/2014,210.78
9/10/2014,207.96
9/11/2014,209.27
9/12/2014,206.55
9/15/2014,206.84
9/16/2014,208.47
9/17/2014,204.63
9/18/2014,202.02
9/19/2014,198.64
9/22/2014,193.96
9/23/2014,195.79
9/24/2014,194.82
9/25/2014,194
9/26/2014,192.89
9/29/2014,190.68
9/30/2014,188.61
10/1/2014,187.9
10/2/2014,189.33
10/3/2014,184.11
10/6/2014,186.83
10/7/2014,181.1
10/8/2014,190.93
10/9/2014,184.17
10/10/2014,180.72
10/13/2014,182.86
10/14/2014,184.21
10/15/2014,182.32
10/16/2014,183.33
10/17/2014,179.14
10/20/2014,182.42
10/21/2014,183.65
10/22/2014,178.59
10/23/2014,178.87
10/24/2014,178.08
10/27/2014,175.2
10/28/2014,175.54
10/29/2014,170.04
10/30/2014,159.95
10/31/2014,156.71
11/3/2014,158.95
11/4/2014,155.07
11/5/2014,149.93
11/6/2014,154.98
11/7/2014,163.66
11/10/2014,156.15
11/11/2014,160.64
11/12/2014,160.65
11/13/2014,157.67
11/14/2014,165.17
11/17/2014,166.84
11/18/2014,171.88
11/19/2014,164.98
11/20/2014,168.78
11/21/2014,171.37
11/24/2014,168.61
11/25/2014,172.71
11/26/2014,171.49
11/28/2014,157.85
12/1/2014,164.55
12/2/2014,159.83
12/3/2014,164.19
12/4/2014,160.71
12/5/2014,157.12
12/8/2014,156.06
12/9/2014,161.49
12/10/2014,156.26
12/11/2014,153.46
12/12/2014,149.15
12/15/2014,140.07
12/16/2014,139.05
12/17/2014,145.99
12/18/2014,151.88
12/19/2014,151.3
12/22/2014,143.97
12/23/2014,143.76
12/24/2014,146.49
12/26/2014,150.48
12/29/2014,147.75
12/30/2014,152.24
12/31/2014,151.04
1/2/2015,154.02
1/5/2015,153.41
1/6/2015,159.8
1/7/2015,159.09
1/8/2015,158.12
1/9/2015,163.55
1/12/2015,167.48
1/13/2015,158.55
1/14/2015,153.07
1/15/2015,161.29
1/16/2015,167.05
1/20/2015,171.82
1/21/2015,173.99
1/22/2015,174.12
1/23/2015,169.81
1/26/2015,171.99
1/27/2015,174.61
1/28/2015,168.18
1/29/2015,165.31
1/30/2015,170.34
2/2/2015,172.79
2/3/2015,172.66
2/4/2015,173.2
2/5/2015,176.79
2/6/2015,167.83
2/9/2015,171.37
2/10/2015,167.76
2/11/2015,165.53
2/12/2015,168.92
2/13/2015,171.16
2/17/2015,168.04
2/18/2015,171.34
2/19/2015,167.69
2/20/2015,168.3
2/23/2015,167.54
2/24/2015,167.58
2/25/2015,170.38
2/26/2015,170.41
2/27/2015,172.64
3/2/2015,168.87
3/3/2015,166.28
3/4/2015,163.37
3/5/2015,162.58
3/6/2015,151.57
3/9/2015,147.89
3/10/2015,144.54
3/11/2015,147.78
3/12/2015,146.87
3/13/2015,145.22
3/16/2015,145.36
3/17/2015,143.07
3/18/2015,149.74
3/19/2015,146.99
3/20/2015,151.79
3/23/2015,155.52
3/24/2015,154.21
3/25/2015,152.57
3/26/2015,151.67
3/27/2015,149.8
3/30/2015,148.98
3/31/2015,146.7
4/1/2015,153.34
4/2/2015,151.88
4/6/2015,156.32
4/7/2015,153.37
4/8/2015,151.85
4/9/2015,151.32
4/10/2015,153.77
4/13/2015,152.59
4/14/2015,155.1
4/15/2015,162.08
4/16/2015,160.91
4/17/2015,160.74
4/20/2015,160.91
4/21/2015,160.65
4/22/2015,157.13
4/23/2015,159.65
4/24/2015,159.69
4/27/2015,163.53
4/28/2015,169.71
4/29/2015,171.28
4/30/2015,167.86
5/1/2015,168.86
5/4/2015,168.2
5/5/2015,167.27
5/6/2015,164.12
5/7/2015,163.77
5/8/2015,165.58
5/11/2015,165.5
5/12/2015,166.56
5/13/2015,169.62
5/14/2015,170.2
5/15/2015,169.62
5/18/2015,168.5
5/19/2015,161.99
5/20/2015,162.14
5/21/2015,161.64
5/22/2015,160.06
5/26/2015,154.15
5/27/2015,154.85
5/28/2015,157
5/29/2015,155.63
6/1/2015,154.48
6/2/2015,157.62
6/3/2015,154.73
6/4/2015,153.03
6/5/2015,150.75
6/8/2015,150.78
6/9/2015,150.43
6/10/2015,152.13
6/11/2015,149.2
6/12/2015,148.34
6/15/2015,148.73
6/16/2015,147.21
6/17/2015,150.11
6/18/2015,152.62
6/19/2015,149.16
6/22/2015,146.28
6/23/2015,147.8
6/24/2015,148.91
6/25/2015,146.54
6/26/2015,146.28
6/29/2015,144.42
6/30/2015,141.75
7/1/2015,138.73
7/2/2015,141.15
7/6/2015,142.52
7/7/2015,137
7/8/2015,135.5
7/9/2015,135.82
7/10/2015,134.73
7/13/2015,135.25
7/14/2015,134.7
7/15/2015,131.27
7/16/2015,129.41
7/17/2015,124.15
7/20/2015,111.68
7/21/2015,114.95
7/22/2015,113.4
7/23/2015,107.47
7/24/2015,108
7/27/2015,102.9
7/28/2015,105.16
7/29/2015,107.03
7/30/2015,103.05
7/31/2015,104.41
8/3/2015,100.18
8/4/2015,100.41
8/5/2015,98.99
8/6/2015,101.31
8/7/2015,99.92
8/10/2015,107.16
8/11/2015,105.54
8/12/2015,111.3
8/13/2015,106
8/14/2015,105.05
8/17/2015,108.42
8/18/2015,106.61
8/19/2015,109.46
8/20/2015,113.51
8/21/2015,111.54
8/24/2015,103.12
8/25/2015,99.05
8/26/2015,94.5
8/27/2015,102.27
8/28/2015,105.66
8/31/2015,105.1
9/1/2015,101.63
9/2/2015,100.85
9/3/2015,99.66
9/4/2015,98.25
9/8/2015,99.93
9/9/2015,97.87
9/10/2015,98.83
9/11/2015,99.88
9/14/2015,98.42
9/15/2015,98.73
9/16/2015,104.65
9/17/2015,106.52
9/18/2015,104.66
9/21/2015,102.25
9/22/2015,97.42
9/23/2015,96.64
9/24/2015,104.15
9/25/2015,103.15
9/28/2015,98.05
9/29/2015,97.96
9/30/2015,100.58
10/1/2015,98.16
10/2/2015,106.25
10/5/2015,110.37
10/6/2015,114.24
10/7/2015,114.55
10/8/2015,113.4
10/9/2015,118.43
10/12/2015,114.62
10/13/2015,115.17
10/14/2015,123.68
10/15/2015,123.82
10/16/2015,120.69
10/19/2015,116.31
10/20/2015,120.42
10/21/2015,116.6
10/22/2015,119.12
10/23/2015,121.89
10/26/2015,118.3
10/27/2015,119.06
10/28/2015,118.33
10/29/2015,114.49
10/30/2015,112.62
11/2/2015,113.31
11/3/2015,112.65
11/4/2015,110.26
11/5/2015,105.26
11/6/2015,100.77
11/9/2015,103.43
11/10/2015,101.07
11/11/2015,102.24
11/12/2015,101.55
11/13/2015,102.24
11/16/2015,103.04
11/17/2015,97.92
11/18/2015,101.91
11/19/2015,104.54
11/20/2015,101.14
11/23/2015,100.27
11/24/2015,103.56
11/25/2015,103.05
11/27/2015,100.7
11/30/2015,103.52
12/1/2015,106.4
12/2/2015,104.21
12/3/2015,105.84
12/4/2015,112.19
12/7/2015,107.05
12/8/2015,105.55
12/9/2015,106.76
12/10/2015,106.57
12/11/2015,107.29
12/14/2015,100.68
12/15/2015,100.96
12/16/2015,105.49
12/17/2015,98.03
12/18/2015,101.04
12/21/2015,102.86
12/22/2015,102.83
12/23/2015,104.75
12/24/2015,107.09
12/28/2015,103.25
12/29/2015,103.91
12/30/2015,102
12/31/2015,102.38
1/4/2016,105.17
1/5/2016,104.16
1/6/2016,106.63
1/7/2016,112.01
1/8/2016,109
1/11/2016,104.35
1/12/2016,101.4
1/13/2016,102.17
1/14/2016,98.51
1/15/2016,98.53
1/19/2016,93.35
1/20/2016,95.71
1/21/2016,96.84
1/22/2016,97.78
1/25/2016,100.78
1/26/2016,105.53
1/27/2016,107.89
1/28/2016,106.19
1/29/2016,109.06
2/1/2016,111.99
2/2/2016,109.91
2/3/2016,118.95
2/4/2016,124.62
2/5/2016,130.54
2/8/2016,135.28
2/9/2016,130.11
2/10/2016,131.84
2/11/2016,139.15
2/12/2016,142.86
2/16/2016,134.38
2/17/2016,136.95
2/18/2016,143.53
2/19/2016,141.86
2/22/2016,142.97
2/23/2016,146.35
2/24/2016,147.31
2/25/2016,148.76
2/26/2016,143.85
2/29/2016,147.96
3/1/2016,142.29
3/2/2016,146.13
3/3/2016,150.88
3/4/2016,149.95
3/7/2016,154.07
3/8/2016,149.01
3/9/2016,150.51
3/10/2016,156.85
3/11/2016,154.68
3/14/2016,150.31
3/15/2016,152.85
3/16/2016,162.67
3/17/2016,161.01
3/18/2016,161.52
3/21/2016,161.39
3/22/2016,160.42
3/23/2016,149.58
3/24/2016,152.33
3/28/2016,152.02
3/29/2016,159.75
3/30/2016,157.89
3/31/2016,155.57
4/1/2016,155.93
4/4/2016,152.31
4/5/2016,157.18
4/6/2016,157.54
4/7/2016,161.53
4/8/2016,167.04
4/11/2016,176.64
4/12/2016,178.32
4/13/2016,173.74
4/14/2016,167.97
4/15/2016,171.6
4/18/2016,172.3
4/19/2016,180.14
4/20/2016,177.05
4/21/2016,180.36
4/22/2016,176.5
4/25/2016,175.08
4/26/2016,178.75
4/27/2016,180.13
4/28/2016,188.62
4/29/2016,200.98
5/2/2016,196.86
5/3/2016,191.03
5/4/2016,181.87
5/5/2016,186.67
5/6/2016,193.31
5/9/2016,181.15
5/10/2016,187.29
5/11/2016,191.6
5/12/2016,187.39
5/13/2016,189.28
5/16/2016,193.64
5/17/2016,196.12
5/18/2016,181.08
5/19/2016,184.42
5/20/2016,184.83
5/23/2016,183.63
5/24/2016,173.55
5/25/2016,177.32
5/26/2016,177.38
5/27/2016,172.63
5/31/2016,174.91
6/1/2016,175.98
6/2/2016,176.3
6/3/2016,194.95
6/6/2016,195.07
6/7/2016,193.32
6/8/2016,198.43
6/9/2016,201.22
6/10/2016,198.42
6/13/2016,198.68
6/14/2016,194.17
6/15/2016,201.17
6/16/2016,196.47
6/17/2016,197.08
6/20/2016,196.72
6/21/2016,192.51
6/22/2016,196.47
6/23/2016,194.52
6/24/2016,204.38
6/27/2016,207.46
6/28/2016,204.99
6/29/2016,210.23
6/30/2016,214.6
7/1/2016,224.09
7/5/2016,226.4
7/6/2016,233.06
7/7/2016,226.59
7/8/2016,231.87
7/11/2016,232.57
7/12/2016,223.99
7/13/2016,230.09
7/14/2016,230.09
7/15/2016,228.39
7/18/2016,230.15
7/19/2016,228.47
7/20/2016,215.47
7/21/2016,221.7
7/22/2016,222.23
7/25/2016,214.66
7/26/2016,220.31
7/27/2016,228.68
7/28/2016,228.55
7/29/2016,233.7
8/1/2016,237.1
8/2/2016,240.68
8/3/2016,238.21
8/4/2016,239.29
8/5/2016,232.26
8/8/2016,233.66
8/9/2016,236.46
8/10/2016,240.44
8/11/2016,239.26
8/12/2016,238.16
8/15/2016,237.12
8/16/2016,235.97
8/17/2016,232.73
8/18/2016,235.05
8/19/2016,229.72
8/22/2016,225.92
8/23/2016,222.46
8/24/2016,205.31
8/25/2016,207.34
8/26/2016,206.26
8/29/2016,208.53
8/30/2016,197.63
8/31/2016,194.89
9/1/2016,201.98
9/2/2016,208.49
9/6/2016,217.91
9/7/2016,217.25
9/8/2016,213.08
9/9/2016,201.68
9/12/2016,207
9/13/2016,198.82
9/14/2016,198.77
9/15/2016,200.5
9/16/2016,197.68
9/19/2016,199.1
9/20/2016,199.06
9/21/2016,213.49
9/22/2016,212.47
9/23/2016,206.69
9/26/2016,204.32
9/27/2016,201.51
9/28/2016,205.83
9/29/2016,204.75
9/30/2016,202.36
10/3/2016,197.94
10/4/2016,178.7
10/5/2016,179.87
10/6/2016,175.41
10/7/2016,175.24
10/10/2016,175.87
10/11/2016,172.77
10/12/2016,176.63
10/13/2016,178.87
10/14/2016,175.14
10/17/2016,178.2
10/18/2016,184.26
10/19/2016,188.65
10/20/2016,188.13
10/21/2016,186.9
10/24/2016,182.87
10/25/2016,186.95
10/26/2016,183.17
10/27/2016,180.62
10/28/2016,181.76
10/31/2016,186.94
11/1/2016,192
11/2/2016,189.2
11/3/2016,192.22
11/4/2016,190.77
11/7/2016,184.45
11/8/2016,183.73
11/9/2016,187.75
11/10/2016,172.19
11/11/2016,158.74
11/14/2016,159.97
11/15/2016,167.46
11/16/2016,166.67
11/17/2016,162.92
11/18/2016,161.43
11/21/2016,163.86
11/22/2016,163.97
11/23/2016,156.18
11/25/2016,156.99
11/28/2016,163.69
11/29/2016,163
11/30/2016,159.44
12/1/2016,158.67
12/2/2016,164.13
12/5/2016,163.63
12/6/2016,162.38
12/7/2016,164.07
12/8/2016,164.21
12/9/2016,158.95
12/12/2016,159.73
12/13/2016,162.96
12/14/2016,154.32
12/15/2016,147.78
12/16/2016,149.67
12/19/2016,150.3
12/20/2016,150.25
12/21/2016,150.08
12/22/2016,149.46
12/23/2016,152.3
12/27/2016,155.4
12/28/2016,158.29
12/29/2016,168.4
12/30/2016,162.42
1/3/2017,167.67
1/4/2017,169.18
1/5/2017,178.15
1/6/2017,172.38
1/9/2017,172.2
1/10/2017,172.62
1/11/2017,172.08
1/12/2017,172.92
1/13/2017,174.3
1/17/2017,178.38
1/18/2017,176.26
1/19/2017,175.54
1/20/2017,177.62
1/23/2017,183
1/24/2017,183.63
1/25/2017,180.99
1/26/2017,176.77
1/27/2017,178.63
1/30/2017,178.58
1/31/2017,184.4
2/1/2017,183.84
2/2/2017,187.05
2/3/2017,187.37
2/6/2017,193
2/7/2017,191.76
2/8/2017,194.4
2/9/2017,189.85
2/10/2017,192.34
2/13/2017,190.49
2/14/2017,189.75
2/15/2017,189.17
2/16/2017,192.18
2/17/2017,188.63
2/21/2017,187.91
2/22/2017,184.66
2/23/2017,184.43
2/24/2017,182.66
2/27/2017,174.42
2/28/2017,174.51
3/1/2017,175.33
3/2/2017,167.95
3/3/2017,170.35
3/6/2017,166.54
3/7/2017,164.96
3/8/2017,164.33
3/9/2017,162.62
3/10/2017,166.21
3/13/2017,167.01
3/14/2017,162.94
3/15/2017,173.71
3/16/2017,172.38
3/17/2017,171.74
3/20/2017,173.86
3/21/2017,176.56
3/22/2017,177.31
3/23/2017,176.02
3/24/2017,175.15
3/27/2017,178.8
3/28/2017,173.94
3/29/2017,174.9
3/30/2017,172.4
3/31/2017,173.53
4/3/2017,176.79
4/4/2017,178.66
4/5/2017,178.78
4/6/2017,178.73
4/7/2017,178.54
4/10/2017,180.11
4/11/2017,185.1
4/12/2017,186.46
4/13/2017,186.11
4/17/2017,186.35
4/18/2017,186.01
4/19/2017,180.16
4/20/2017,181.1
4/21/2017,181.48
4/24/2017,178.43
4/25/2017,170.38
4/26/2017,171.42
4/27/2017,168.18
4/28/2017,171.9
5/1/2017,167.14
5/2/2017,168.35
5/3/2017,167.9
5/4/2017,164.42
5/5/2017,168.24
5/8/2017,168.98
5/9/2017,168.41
5/10/2017,170.93
5/11/2017,175.21
5/12/2017,177.61
5/15/2017,178.12
5/16/2017,179.6
5/17/2017,181.39
5/18/2017,176.77
5/19/2017,178.52
5/22/2017,180.21
5/23/2017,175.77
5/24/2017,178.11
5/25/2017,176.41
5/26/2017,177.96
5/30/2017,175.94
5/31/2017,176.63
6/1/2017,175.7
6/2/2017,176
6/5/2017,175.38
6/6/2017,183.79
6/7/2017,182.11
6/8/2017,179.56
6/9/2017,176.11
6/12/2017,174.67
6/13/2017,175.65
6/14/2017,170.23
6/15/2017,167.83
6/16/2017,167.68
6/19/2017,167.37
6/20/2017,166.11
6/21/2017,168.69
6/22/2017,171.32
6/23/2017,174.28
6/26/2017,172.88
6/27/2017,170.47
6/28/2017,170.91
6/29/2017,166.63
6/30/2017,167.42
7/3/2017,163.85
7/5/2017,166.08
7/6/2017,163.26
7/7/2017,160.35
7/10/2017,164.21
7/11/2017,165.43
7/12/2017,165.9
7/13/2017,163.72
7/14/2017,166.35
7/17/2017,168.13
7/18/2017,168.87
7/19/2017,169.5
7/20/2017,170.9
7/21/2017,171.61
7/24/2017,168.11
7/25/2017,170.12
7/26/2017,175.01
7/27/2017,172.26
7/28/2017,175.08
7/31/2017,174.68
8/1/2017,175.29
8/2/2017,174.11
8/3/2017,173.59
8/4/2017,170.52
8/7/2017,169.91
8/8/2017,169.58
8/9/2017,172.3
8/10/2017,175.67
8/11/2017,175.57
8/14/2017,173.61
8/15/2017,171.73
8/16/2017,175.3
8/17/2017,175.33
8/18/2017,174.26
8/21/2017,176.83
8/22/2017,175.34
8/23/2017,176.52
8/24/2017,176.81
8/25/2017,177.21
8/28/2017,183.8
8/29/2017,185.26
8/30/2017,183.69
8/31/2017,186.84
9/1/2017,187.44
9/5/2017,190.67
9/6/2017,187.72
9/7/2017,191.83
9/8/2017,190.17
9/11/2017,185.41
9/12/2017,186.31
9/13/2017,182.72
9/14/2017,183.67
9/15/2017,182.74
9/18/2017,179.25
9/19/2017,179.83
9/20/2017,176.53
9/21/2017,175.51
9/22/2017,177.44
9/25/2017,180.38
9/26/2017,177.13
9/27/2017,174.72
9/28/2017,176.01
9/29/2017,174.61
10/2/2017,174.95
10/3/2017,176.67
10/4/2017,177.97
10/5/2017,176.99
10/6/2017,178.84
10/9/2017,180.43
10/10/2017,178.82
10/11/2017,180.07
10/12/2017,180.21
10/13/2017,180.67
10/16/2017,177.31
10/17/2017,177.01
10/18/2017,175.92
10/19/2017,176.9
10/20/2017,175.78
10/23/2017,175.04
10/24/2017,173.25
10/25/2017,171.81
10/26/2017,168.41
10/27/2017,170.03
10/30/2017,171.94
10/31/2017,169.65
11/1/2017,169.3
11/2/2017,169.27
11/3/2017,168.2
11/6/2017,171.6
11/7/2017,170.72
11/8/2017,171.77
11/9/2017,171.38
11/10/2017,169.03
11/13/2017,168.59
11/14/2017,169.19
11/15/2017,169.38
11/16/2017,169.29
11/17/2017,170.84
11/20/2017,169.04
11/21/2017,170.17
11/22/2017,172.48
11/24/2017,171.37
11/27/2017,172.85
11/28/2017,171.91
11/29/2017,168.44
11/30/2017,167.73
12/1/2017,168.12
12/4/2017,165.76
12/5/2017,163.65
12/6/2017,161.43
12/7/2017,161.29
12/8/2017,161.88
12/11/2017,161.15
12/12/2017,160.12
12/13/2017,165.89
12/14/2017,165.52
12/15/2017,165.25
12/18/2017,167.77
12/19/2017,167.24
12/20/2017,169.88
12/21/2017,170.27
12/22/2017,171.81
12/26/2017,174.46
12/27/2017,173.87
12/28/2017,173.78
12/29/2017,174.01
1/2/2018,178.25
1/3/2018,176.42
1/4/2018,177.5
1/5/2018,176.84
1/8/2018,175.06
1/9/2018,173.01
1/10/2018,174.22
1/11/2018,175
1/12/2018,179.79
1/16/2018,182.38
1/17/2018,179.41
1/18/2018,176.74
1/19/2018,177.01
1/22/2018,176.94
1/23/2018,179.96
1/24/2018,184.5
1/25/2018,180.49
1/26/2018,181.55
1/29/2018,175.95
1/30/2018,174.91
1/31/2018,176.52
2/1/2018,176.41
2/2/2018,169.99
2/5/2018,167.92
2/6/2018,164.14
2/7/2018,161.52
2/8/2018,160.47
2/9/2018,157.3
2/12/2018,162.44
2/13/2018,162.15
2/14/2018,169.78
2/15/2018,169.98
2/16/2018,166.24
2/20/2018,161.59
2/21/2018,160.44
2/22/2018,159.03
2/23/2018,160.16
2/26/2018,161.56
2/27/2018,156.64
2/28/2018,155.45
3/1/2018,156.62
3/2/2018,156.47
3/5/2018,157.25
3/6/2018,160.64
3/7/2018,157.3
3/8/2018,156.92
3/9/2018,156.78
3/12/2018,158.38
3/13/2018,158.74
3/14/2018,158.83
3/15/2018,156.9
3/16/2018,157.11
3/19/2018,157.3
3/20/2018,155.93
3/21/2018,160.28
3/22/2018,157.96
3/23/2018,162.69
3/26/2018,165.04
3/27/2018,162.77
3/28/2018,159.45
3/29/2018,161.98
4/2/2018,164.09
4/3/2018,161.98
4/4/2018,161.07
4/5/2018,161.79
4/6/2018,162.73
4/9/2018,161.74
4/10/2018,163.48
4/11/2018,167.46
4/12/2018,165.78
4/13/2018,168.66
4/16/2018,168.22
4/17/2018,168.72
4/18/2018,169.87
4/19/2018,170.17
4/20/2018,168.78
4/23/2018,165.76
4/24/2018,167.55
4/25/2018,166.23
4/26/2018,166.77
4/27/2018,167.99
4/30/2018,164.5
5/1/2018,165.04
5/2/2018,165.64
5/3/2018,166.99
5/4/2018,166.99
5/7/2018,166.65
5/8/2018,167.5
5/9/2018,166.92
5/10/2018,168.91
5/11/2018,168.86
5/14/2018,168.15
5/15/2018,164.47
5/16/2018,164.45
5/17/2018,164.09
5/18/2018,164.09
5/21/2018,164.4
5/22/2018,163.61
5/23/2018,165.64
5/24/2018,167.75
5/25/2018,165.99
5/29/2018,165.24
5/30/2018,166.86
5/31/2018,165.98
6/1/2018,165.28
6/4/2018,164
6/5/2018,165.33
6/6/2018,165.99
6/7/2018,165.29
6/8/2018,165.3
6/11/2018,166.26
6/12/2018,166.71
6/13/2018,166.54
6/14/2018,168.1
6/15/2018,164.55
6/18/2018,164.59
6/19/2018,163.54
6/20/2018,162.37
6/21/2018,161.39
6/22/2018,163.85
6/25/2018,161.63
6/26/2018,161.72
6/27/2018,160.59
6/28/2018,160.81
6/29/2018,164.34
7/2/2018,163.32
7/3/2018,166.73
7/5/2018,168.67
7/6/2018,168.04
7/9/2018,166.68
7/10/2018,167.15
7/11/2018,162.76
7/12/2018,163.48
7/13/2018,162.38
7/16/2018,162.08
7/17/2018,162.09
7/18/2018,161.95
7/19/2018,160.68
7/20/2018,161.72
7/23/2018,158.52
7/24/2018,159.54
7/25/2018,160.93
7/26/2018,156.91
7/27/2018,156.25
7/30/2018,155.96
7/31/2018,156.67
8/1/2018,155.23
8/2/2018,154.28
8/3/2018,155.48
8/6/2018,153.95
8/7/2018,151.44
8/8/2018,152.17
8/9/2018,151.98
8/10/2018,151.12
8/13/2018,146.6
8/14/2018,144.59
8/15/2018,135.59
8/16/2018,132.31
8/17/2018,135.88
8/20/2018,136.31
8/21/2018,137.12
8/22/2018,138.44
8/23/2018,134.46
8/24/2018,138.62
8/27/2018,140.55
8/28/2018,137.88
8/29/2018,138.02
8/30/2018,135.89
8/31/2018,135.12
9/4/2018,130.08
9/5/2018,128.88
9/6/2018,128.83
9/7/2018,129.27
9/10/2018,126.89
9/11/2018,126.63
9/12/2018,130.85
9/13/2018,130.49
9/14/2018,129.79
9/17/2018,132.68
9/18/2018,133.43
9/19/2018,135.8
9/20/2018,136.17
9/21/2018,134.85
9/24/2018,135.62
9/25/2018,136.29
9/26/2018,133.08
9/27/2018,133.03
9/28/2018,134.07
10/1/2018,134.15
10/2/2018,138.64
10/3/2018,136.4
10/4/2018,136.18
10/5/2018,135.48
10/8/2018,136.07
10/9/2018,133.62
10/10/2018,135.5
10/11/2018,145.46
10/12/2018,144.07
10/15/2018,146.43
10/16/2018,145.7
10/17/2018,145.13
10/18/2018,145.89
10/19/2018,145.86
10/22/2018,144.03
10/23/2018,145.72
10/24/2018,143.34
10/25/2018,135.43
10/26/2018,136.81
10/29/2018,136.44
10/30/2018,137.74
10/31/2018,135.8
11/1/2018,141.71
11/2/2018,141.76
11/5/2018,141.43
11/6/2018,140.07
11/7/2018,138.81
11/8/2018,138.85
11/9/2018,136.62
11/12/2018,133.62
11/13/2018,132.09
11/14/2018,135.48
11/15/2018,137.63
11/16/2018,139.99
11/19/2018,139.68
11/20/2018,139.32
11/21/2018,143.35
11/23/2018,139.63
11/26/2018,138.69
11/27/2018,135.82
11/28/2018,139.41
11/29/2018,138.24
11/30/2018,137.3
12/3/2018,140.32
12/4/2018,141.96
12/6/2018,142.55
12/7/2018,146.38
12/10/2018,145.96
12/11/2018,145.16
12/12/2018,148.25
12/13/2018,148.82
12/14/2018,146.49
12/17/2018,149.13
12/18/2018,152.51
12/19/2018,143.67
12/20/2018,150.53
12/21/2018,148.2
12/24/2018,153.04
12/26/2018,151.17
12/27/2018,153.3
12/28/2018,150.44
12/31/2018,152.78
1/2/2019,152.18
1/3/2019,154.24
1/4/2019,152.78
1/7/2019,150.77
1/8/2019,150.35
1/9/2019,152.47
1/10/2019,150.62
1/11/2019,151.06
1/14/2019,149.37
1/15/2019,145.89
1/16/2019,146.4
1/17/2019,146.78
1/18/2019,144.76
1/22/2019,145.96
1/23/2019,146.16
1/24/2019,146.95
1/25/2019,151.97
1/28/2019,153.56
1/29/2019,157.7
1/30/2019,159.17
1/31/2019,162.61
2/1/2019,161.7
2/4/2019,161.67
2/5/2019,162.59
2/6/2019,160.77
2/7/2019,159.81
2/8/2019,162.09
2/11/2019,160.11
2/12/2019,159.23
2/13/2019,157.37
2/14/2019,158.72
2/15/2019,160.42
2/19/2019,166.55
2/20/2019,168.08
2/21/2019,166.43
2/22/2019,166.52
2/25/2019,164.73
2/26/2019,164.02
2/27/2019,161.28
2/28/2019,161.07
3/1/2019,157.71
3/4/2019,159
3/5/2019,159.84
3/6/2019,156.25
3/7/2019,157.46
3/8/2019,161.93
3/11/2019,161.28
3/12/2019,164.42
3/13/2019,165.15
3/14/2019,160.99
3/15/2019,161.71
3/18/2019,159.85
3/19/2019,160.33
3/20/2019,163.15
3/21/2019,164.66
3/22/2019,166.06
3/25/2019,169.65
3/26/2019,170.88
3/27/2019,168.68
3/28/2019,164.32
3/29/2019,163.76
4/1/2019,161.23
4/2/2019,161.98
4/3/2019,162.01
4/4/2019,165.44
4/5/2019,164.97
4/8/2019,166.42
4/9/2019,166.83
4/10/2019,164.68
4/11/2019,162.78
4/12/2019,162.46
4/15/2019,163.15
4/16/2019,159.79
4/17/2019,158.03
4/18/2019,155.73
4/22/2019,153.38
4/23/2019,152.16
4/24/2019,153.02
4/25/2019,151.93
4/26/2019,155.04
4/29/2019,151.3
4/30/2019,152.3
5/1/2019,149.31
5/2/2019,146.98
5/3/2019,147.98
5/6/2019,147.81
5/7/2019,150.64
5/8/2019,148.21
5/9/2019,147.48
5/10/2019,146.1
5/13/2019,150.45
5/14/2019,149.9
5/15/2019,149.45
5/16/2019,147.48
5/17/2019,148.39
5/20/2019,148.48
5/21/2019,148.74
5/22/2019,146.46
5/23/2019,146.91
5/24/2019,147.57
5/28/2019,146.65
5/29/2019,147.06
5/30/2019,149.4
5/31/2019,155.8
6/3/2019,161.89
6/4/2019,163.37
6/5/2019,163.94
6/6/2019,165.98
6/7/2019,165.79
6/10/2019,163.78
6/11/2019,164.58
6/12/2019,166.94
6/13/2019,168.58
6/14/2019,168.74
6/17/2019,170.27
6/18/2019,171.79
6/19/2019,173.63
6/20/2019,181.05
6/21/2019,181.96
6/24/2019,188.22
6/25/2019,185.52
6/26/2019,185.33
6/27/2019,184.21
6/28/2019,185.67
7/1/2019,179.72
7/2/2019,185.07
7/3/2019,186.04
7/5/2019,184.3
7/8/2019,184.54
7/9/2019,186.47
7/10/2019,190.21
7/11/2019,188.67
7/12/2019,190.09
7/15/2019,190.01
7/16/2019,189.1
7/17/2019,195.65
7/18/2019,201.73
7/19/2019,200.35
7/22/2019,201.22
7/23/2019,199.71
7/24/2019,201.52
7/25/2019,197.98
7/26/2019,196.69
7/29/2019,199.21
7/30/2019,199.17
7/31/2019,189.6
8/1/2019,198.39
8/2/2019,197.19
8/5/2019,203.84
8/6/2019,204.91
8/7/2019,209.62
8/8/2019,211.6
8/9/2019,210.24
8/12/2019,208.34
8/13/2019,205.04
8/14/2019,205.04
8/15/2019,207.07
8/16/2019,205.97
8/19/2019,203.89
8/20/2019,209.55
8/21/2019,209.47
8/22/2019,208.73
8/23/2019,216.42
8/26/2019,216.85
8/27/2019,223.96
8/28/2019,224.24
8/29/2019,218.29
8/30/2019,219.34
9/3/2019,221.91
9/4/2019,225.58
9/5/2019,215.03
9/6/2019,208.93
9/9/2019,203.7
9/10/2019,201.9
9/11/2019,203.05
9/12/2019,200.41
9/13/2019,197.09
9/16/2019,199.02
9/17/2019,205.54
9/18/2019,202.04
9/19/2019,206.02
9/20/2019,209.21
9/23/2019,212.98
9/24/2019,215.56
9/25/2019,209.04
9/26/2019,207.18
9/27/2019,201.95
9/30/2019,196.87
10/1/2019,197.48
10/2/2019,200.71
10/3/2019,199.95
10/4/2019,204.14
10/7/2019,202.8
10/8/2019,207.8
10/9/2019,206.26
10/10/2019,206.65
10/11/2019,197.77
10/14/2019,199.18
10/15/2019,193.96
10/16/2019,196.87
10/17/2019,200.36
10/18/2019,201.48
10/21/2019,197.34
10/22/2019,197.23
10/23/2019,199.3
10/24/2019,205.4
10/25/2019,206.84
10/28/2019,202.6
10/29/2019,203.31
10/30/2019,205.44
10/31/2019,210.53
11/1/2019,208.67
11/4/2019,204.64
11/5/2019,201.32
11/6/2019,203.77
11/7/2019,198.23
11/8/2019,197.03
11/11/2019,197.36
11/12/2019,199.4
11/13/2019,201.88
11/14/2019,203.14
11/15/2019,202.17
11/18/2019,205.5
11/19/2019,206.41
11/20/2019,207.3
11/21/2019,203.84
11/22/2019,202.5
11/25/2019,198.55
11/26/2019,202.14
11/27/2019,200.82
11/29/2019,204.36
12/2/2019,205.54
12/3/2019,210.51
12/4/2019,208.59
12/5/2019,210.24
12/6/2019,205.26
12/9/2019,204.54
12/10/2019,206.77
12/11/2019,212.24
12/12/2019,211.51
12/13/2019,213.05
12/16/2019,210.54
12/17/2019,208.98
12/18/2019,211.77
12/19/2019,211.47
12/20/2019,208.32
12/23/2019,215.21
12/24/2019,221.71
12/26/2019,224.14
12/27/2019,222.69
12/30/2019,226.93
12/31/2019,226.14
1/2/2020,225.42
1/3/2020,224.21
1/6/2020,223.95
1/7/2020,225.42
1/8/2020,216.4
1/9/2020,214.42
1/10/2020,217.67
1/13/2020,213.24
1/14/2020,215.87
1/15/2020,220.36
1/16/2020,220.03
1/17/2020,218.79
1/21/2020,222.69
1/22/2020,222.18
1/23/2020,221.81
1/24/2020,226.14
1/27/2020,224.38
1/28/2020,219.25
1/29/2020,223.37
1/30/2020,224.4
1/31/2020,225.7
2/3/2020,223.48
2/4/2020,219.5
2/5/2020,219.11
2/6/2020,221.31
2/7/2020,217.6
2/10/2020,220.74
2/11/2020,220.6
2/12/2020,218.29
2/13/2020,221.01
2/14/2020,220.72
2/18/2020,229.27
2/19/2020,233.29
2/20/2020,233.39
2/21/2020,240.71
2/24/2020,243.36
2/25/2020,235.68
2/26/2020,235.34
2/27/2020,220.26
2/28/2020,208.32
3/2/2020,216.01
3/3/2020,226.21
3/4/2020,229.11
3/5/2020,234.68
3/6/2020,232.97
3/9/2020,214.68
3/10/2020,215.7
3/11/2020,200.82
3/12/2020,181.68
3/13/2020,163.79
3/16/2020,176.02
3/17/2020,196.25
3/18/2020,172.91
3/19/2020,175.14
3/20/2020,166.63
3/23/2020,177.04
3/24/2020,202.84
3/25/2020,206.64
3/26/2020,206.61
3/27/2020,194.98
3/30/2020,192.88
3/31/2020,187.85
4/1/2020,192.8
4/2/2020,201.8
4/3/2020,201.41
4/6/2020,211.74
4/7/2020,209.89
4/8/2020,210.77
4/9/2020,232.12
4/13/2020,247.62
4/14/2020,249.18
4/15/2020,245.47
4/16/2020,250.38
4/17/2020,245.63
4/20/2020,250.49
4/21/2020,249.01
4/22/2020,264.66
4/23/2020,272.04
4/24/2020,276.72
4/27/2020,275.68
4/28/2020,275.2
4/29/2020,277.21
4/30/2020,264.51
5/1/2020,274.63
5/4/2020,280.59
5/5/2020,286.09
5/6/2020,276.56
5/7/2020,285.86
5/8/2020,285.43
5/11/2020,276.27
5/12/2020,275.37
5/13/2020,277.02
5/14/2020,286.01
5/15/2020,296.55
5/18/2020,289.23
5/19/2020,298.46
5/20/2020,293.46
5/21/2020,285.13
5/22/2020,284.49
5/26/2020,270.42
5/27/2020,267.95
5/28/2020,268.59
5/29/2020,270.64
6/1/2020,277.7
6/2/2020,268.01
6/3/2020,257.94
6/4/2020,259.74
6/5/2020,255.39
6/8/2020,256.91
6/9/2020,261.53
6/10/2020,272.09
6/11/2020,259.39
6/12/2020,256.85
6/15/2020,263.67
6/16/2020,257.19
6/17/2020,257.6
6/18/2020,254.42
6/19/2020,263.5
6/22/2020,273.38
6/23/2020,277.26
6/24/2020,272.65
6/25/2020,274.69
6/26/2020,276.13
6/29/2020,279.41
6/30/2020,288.43
7/1/2020,287.52
7/2/2020,283.79
7/6/2020,287.99
7/7/2020,294.58
7/8/2020,303.13
7/9/2020,302.33
7/10/2020,299.42
7/13/2020,289.23
7/14/2020,301.29
7/15/2020,303.04
7/16/2020,299.06
7/17/2020,307.65
7/20/2020,316.28
7/21/2020,319.85
7/22/2020,325.98
7/23/2020,320.48
7/24/2020,329.21
7/27/2020,345.1
7/28/2020,343.17
7/29/2020,338.84
7/30/2020,328.22
7/31/2020,339.22
8/3/2020,334.9
8/4/2020,348.65
8/5/2020,350.53
8/6/2020,346.76
8/7/2020,336.73
8/10/2020,333.48
8/11/2020,308.43
8/12/2020,308.94
8/13/2020,318.84
8/14/2020,317.79
8/17/2020,338.78
8/18/2020,336.48
8/19/2020,325.67
8/20/2020,332.08
8/21/2020,325.07
8/24/2020,322.34
8/25/2020,321.43
8/26/2020,329.46
8/27/2020,322.82
8/28/2020,333.15
8/31/2020,335.48
9/1/2020,331.38
9/2/2020,332.73
9/3/2020,329
9/4/2020,325.49
9/8/2020,324.06
9/9/2020,339.16
9/10/2020,333
9/11/2020,329.36
9/14/2020,339.47
9/15/2020,339.6
9/16/2020,338.17
9/17/2020,332.17
9/18/2020,326.12
9/21/2020,315.2
9/22/2020,316.32
9/23/2020,297.6
9/24/2020,306.97
9/25/2020,305.48
9/28/2020,307.72
9/29/2020,312.57
9/30/2020,312.01
10/1/2020,314.69
10/2/2020,310.15
10/5/2020,314.94
10/6/2020,302.03
10/7/2020,302.68
10/8/2020,307.78
10/9/2020,321.27
10/12/2020,321.47
10/13/2020,319.37
10/14/2020,323.87
10/15/2020,319.17
10/16/2020,315.43
10/19/2020,308.91
10/20/2020,310.53
10/21/2020,314.63
10/22/2020,308.96
10/23/2020,306.91
10/26/2020,303.4
10/27/2020,308.56
10/28/2020,289.75
10/29/2020,294.14
10/30/2020,300.94
11/2/2020,309.32
11/3/2020,315.31
11/4/2020,308.5
11/5/2020,329.88
11/6/2020,331.39
11/9/2020,309.45
11/10/2020,299.26
11/11/2020,297.66
11/12/2020,300.03
11/13/2020,302.02
11/16/2020,299.71
11/17/2020,294.39
11/18/2020,283.77
11/19/2020,280.92
11/20/2020,283.68
11/23/2020,271.51
11/24/2020,264.94
11/25/2020,269.01
11/27/2020,270.95
11/30/2020,273.76
12/1/2020,283.47
12/2/2020,284.12
12/3/2020,280.93
12/4/2020,279.07
12/7/2020,288.89
12/8/2020,288.84
12/9/2020,281.03
12/10/2020,279.73
12/11/2020,277.49
12/14/2020,271.53
12/15/2020,280.16
12/16/2020,284.98
12/17/2020,294.43
12/18/2020,288.79
12/21/2020,288.67
12/22/2020,280.64
12/23/2020,284.81
12/24/2020,286.53
12/28/2020,283.46
12/29/2020,283.84
12/30/2020,290.47
12/31/2020,284.98
1/4/2021,305.49
1/5/2021,304.12
1/6/2021,305.1
1/7/2021,304.36
1/8/2021,290.83
1/11/2021,285.14
1/12/2021,286.88
1/13/2021,283.59
1/14/2021,284.18
1/15/2021,275.53
1/19/2021,277.42
1/20/2021,286.31
1/21/2021,283.49
1/22/2021,280.37
1/25/2021,278.79
1/26/2021,278.28
1/27/2021,266.1
1/28/2021,275.63
1/29/2021,275.02
2/1/2021,284.58
2/2/2021,275.25
2/3/2021,275.14
2/4/2021,270.15
2/5/2021,277.04
2/8/2021,282.36
2/9/2021,281.28
2/10/2021,282.4
2/11/2021,277.18
2/12/2021,277.12
2/16/2021,271.65
2/17/2021,264.49
2/18/2021,261.56
2/19/2021,258.93
2/22/2021,270.23
2/23/2021,264.53
2/24/2021,268.44
2/25/2021,259.23
2/26/2021,247.89
3/1/2021,247.53
3/2/2021,257.88
3/3/2021,251.81
3/4/2021,252.12
3/5/2021,256.52
3/8/2021,253.11
3/9/2021,259.29
3/10/2021,261.22
3/11/2021,265.4
3/12/2021,265.99
3/15/2021,271.91
3/16/2021,271.32
3/17/2021,277.28
3/18/2021,272.49
3/19/2021,272.98
3/22/2021,269.86
3/23/2021,262.7
3/24/2021,260.7
3/25/2021,258.85
3/26/2021,264.53
3/29/2021,265.9
3/30/2021,257.08
3/31/2021,262.11
4/1/2021,272.22
4/5/2021,273.78
4/6/2021,277.55
4/7/2021,273.73
4/8/2021,278.77
4/9/2021,278.5
4/12/2021,273.06
4/13/2021,277.76
4/14/2021,275.51
4/15/2021,286.91
4/16/2021,289.54
4/19/2021,287.19
4/20/2021,289.93
4/21/2021,296.19
4/22/2021,290.55
4/23/2021,289.71
4/26/2021,288.73
4/27/2021,282.9
4/28/2021,285.02
4/29/2021,279.06
4/30/2021,275.94
5/3/2021,288.11
5/4/2021,283.97
5/5/2021,286.26
5/6/2021,297.01
5/7/2021,301.36
5/10/2021,300.22
5/11/2021,302.74
5/12/2021,297.16
5/13/2021,297.31
5/14/2021,305.56
5/17/2021,321.29
5/18/2021,320.8
5/19/2021,315.69
5/20/2021,319.39
5/21/2021,317.25
5/24/2021,318.25
5/25/2021,317.21
5/26/2021,316.65
5/27/2021,315.04
5/28/2021,316.58
6/1/2021,319.26
6/2/2021,319.11
6/3/2021,308.45
6/4/2021,312.76
6/7/2021,311.64
6/8/2021,306.78
6/9/2021,306.72
6/10/2021,313.96
6/11/2021,307.99
6/14/2021,306.36
6/15/2021,302.49
6/16/2021,297.9
6/17/2021,281.01
6/18/2021,274.85
6/21/2021,279.56
6/22/2021,277.81
6/23/2021,275.93
6/24/2021,276.13
6/25/2021,275.02
6/28/2021,272.39
6/29/2021,270.85
6/30/2021,273.53
7/1/2021,272.92
7/2/2021,276.62
7/6/2021,277.8
7/7/2021,278.16
7/8/2021,270.22
7/9/2021,276.02
7/12/2021,272.79
7/13/2021,276
7/14/2021,278.4
7/15/2021,280.18
7/16/2021,271.64
7/19/2021,265.82
7/20/2021,267.4
7/21/2021,270.39
7/22/2021,268.46
7/23/2021,266.44
7/26/2021,270.22
7/27/2021,271.22
7/28/2021,275.55
7/29/2021,283.14
7/30/2021,282.56
8/2/2021,280.05
8/3/2021,283.18
8/4/2021,280.63
8/5/2021,275.85
8/6/2021,268.14
8/9/2021,261.62
8/10/2021,257.77
8/11/2021,263.92
8/12/2021,259.9
8/13/2021,264.33
8/16/2021,263.11
8/17/2021,261.18
8/18/2021,253.79
8/19/2021,248.91
8/20/2021,248.86
8/23/2021,259.04
8/24/2021,258.99
8/25/2021,255.06
8/26/2021,253.41
8/27/2021,262.72
8/30/2021,258.17
8/31/2021,262.15
9/1/2021,259.79
9/2/2021,260.48
9/3/2021,266.59
9/7/2021,259.18
9/8/2021,258.19
9/9/2021,255.31
9/10/2021,251.42
9/13/2021,254.63
9/14/2021,255.52
9/15/2021,256.27
9/16/2021,244.69
9/17/2021,242.84
9/20/2021,241.91
9/21/2021,242.85
9/22/2021,242.54
9/23/2021,238.22
9/24/2021,236.7
9/27/2021,236.22
9/28/2021,235.09
9/29/2021,230.9
9/30/2021,234.86
10/1/2021,233.06
10/4/2021,236.09
10/5/2021,235.58
10/6/2021,239.85
10/7/2021,241.96
10/8/2021,243.81
10/11/2021,242.41
10/12/2021,246.64
10/13/2021,254.57
10/14/2021,260.11
10/15/2021,257.49
10/18/2021,254.81
10/19/2021,257.56
10/20/2021,259.52
10/21/2021,259.29
10/22/2021,261.08
10/25/2021,263.63
10/26/2021,262.77
10/27/2021,261.68
10/28/2021,257.35
10/29/2021,250.34
11/1/2021,251.45
11/2/2021,250.48
11/3/2021,252.81
11/4/2021,251.68
11/5/2021,258.41
11/8/2021,258.57
11/9/2021,262.24
11/10/2021,268.11
11/11/2021,273.89
11/12/2021,274.36
11/15/2021,275.37
11/16/2021,271.77
11/17/2021,273.68
11/18/2021,269.43
11/19/2021,265.02
11/22/2021,260.22
11/23/2021,256.32
11/24/2021,255.83
11/26/2021,253.45
11/29/2021,253.47
11/30/2021,251.52
12/1/2021,243.95
12/2/2021,241.87
12/3/2021,244.01
12/6/2021,247.04
12/7/2021,248.53
12/8/2021,249.05
12/9/2021,242.73
12/10/2021,240.55
12/13/2021,242.21
12/14/2021,239.28
12/15/2021,235.22
12/16/2021,248.16
12/17/2021,248.05
12/20/2021,248.02
12/21/2021,249.56
12/22/2021,252.03
12/23/2021,253.47
12/27/2021,253.76
12/28/2021,252.53
12/29/2021,252.61
12/30/2021,257.22
12/31/2021,258.94
1/3/2022,253.36
1/4/2022,253.96
1/5/2022,249.7
1/6/2022,241.55
1/7/2022,243.43
1/10/2022,248.61
1/11/2022,253.33
1/12/2022,257.25
1/13/2022,253.73
1/14/2022,251.46
1/18/2022,248.3
1/19/2022,267.85
1/20/2022,263
1/21/2022,256.76
1/24/2022,254.64
1/25/2022,257.13
1/26/2022,249.58
1/27/2022,242.95
1/28/2022,240.92
1/31/2022,248.55
2/1/2022,249.94
2/2/2022,250.68
2/3/2022,247.94
2/4/2022,248.19
2/7/2022,256
2/8/2022,259.36
2/9/2022,258.07
2/10/2022,250.09
2/11/2022,265.16
2/14/2022,270.42
2/15/2022,265.9
2/16/2022,273.98
2/17/2022,285.25
2/18/2022,282.6
2/22/2022,278.59
2/23/2022,284.4
2/24/2022,278.08
2/25/2022,281.23
2/28/2022,281.09
3/1/2022,293.59
3/2/2022,292.67
3/3/2022,295.23
3/4/2022,306.75
3/7/2022,315.53
3/8/2022,317.53
3/9/2022,313.35
3/10/2022,318.19
3/11/2022,314.76
3/14/2022,301.91
3/15/2022,304.09
3/16/2022,302.5
3/17/2022,308.47
3/18/2022,306.6
3/21/2022,313.63
3/22/2022,310.67
3/23/2022,317.78
3/24/2022,316.18
3/25/2022,316.13
3/28/2022,308.45
3/29/2022,311.2
3/30/2022,316.47
3/31/2022,313.58
4/1/2022,323.31
4/4/2022,320.22
4/5/2022,313.28
4/6/2022,313.95
4/7/2022,317.88
4/8/2022,325.21
4/11/2022,323.58
4/12/2022,325.43
4/13/2022,331.22
4/14/2022,330.89
4/18/2022,331.8
4/19/2022,322.92
4/20/2022,326.15
4/21/2022,309.5
4/22/2022,300.44
4/25/2022,290.29
4/26/2022,284.53
4/27/2022,282.75
4/28/2022,287.8
4/29/2022,286.02
5/2/2022,282.83
5/3/2022,286.74
5/4/2022,292.46
5/5/2022,282.71
5/6/2022,280.22
5/9/2022,264.74
5/10/2022,261.25
5/11/2022,260.55
5/12/2022,248.91
5/13/2022,252.68
5/16/2022,254.48
5/17/2022,255.87
5/18/2022,248.82
5/19/2022,260.81
5/20/2022,260.95
5/23/2022,261.99
5/24/2022,267.1
5/25/2022,266.11
5/26/2022,264.31
5/27/2022,265.61
5/31/2022,258.86
6/1/2022,259.11
6/2/2022,270.23
6/3/2022,264.34
6/6/2022,262.07
6/7/2022,263.65
6/8/2022,261.49
6/9/2022,252.43
6/10/2022,263.85
6/13/2022,249.03
6/14/2022,242.13
6/15/2022,244.03
6/16/2022,249.02
6/17/2022,245.6
6/21/2022,248.51
6/22/2022,245.19
6/23/2022,236.56
6/24/2022,242.38
6/27/2022,244.21
6/28/2022,238.47
6/29/2022,235.9
6/30/2022,226.65
7/1/2022,232.83
7/5/2022,223.41
7/6/2022,222.64
7/7/2022,224.95
7/8/2022,224.27
7/11/2022,221.95
7/12/2022,218.04
7/13/2022,221.87
7/14/2022,211.3
7/15/2022,210.24
7/18/2022,211.54
7/19/2022,212.69
7/20/2022,205.67
7/21/2022,207.61
7/22/2022,205.71
7/25/2022,196.68
7/26/2022,200.98
7/27/2022,202.89
7/28/2022,207.1
7/29/2022,208.86
8/1/2022,208.25
8/2/2022,205.55
8/3/2022,202.49
8/4/2022,209.13
8/5/2022,208.11
8/8/2022,213.14
8/9/2022,213.65
8/10/2022,215.89
8/11/2022,211.66
8/12/2022,216.04
8/15/2022,213.15
8/16/2022,213.99
8/17/2022,206.68
8/18/2022,207.09
8/19/2022,202.44
8/22/2022,203.08
8/23/2022,206.21
8/24/2022,208.78
8/25/2022,209.8
8/26/2022,200.54
8/29/2022,198.29
8/30/2022,193.41
8/31/2022,190.2
9/1/2022,185.32
9/2/2022,191.24
9/6/2022,189.59
9/7/2022,195.65
9/8/2022,197.39
9/9/2022,202.07
9/12/2022,204.82
9/13/2022,197.57
9/14/2022,197.76
9/15/2022,191.64
9/16/2022,193.64
9/19/2022,197.4
9/20/2022,192.25
9/21/2022,192.42
9/22/2022,191.89
9/23/2022,182.99
9/26/2022,178.92
9/27/2022,179.75
9/28/2022,191.46
9/29/2022,193.14
9/30/2022,196.32
10/3/2022,204.22
10/4/2022,209.37
10/5/2022,206.48
10/6/2022,209.29
10/7/2022,199.45
10/10/2022,196.5
10/11/2022,194.68
10/12/2022,195.63
10/13/2022,193.71
10/14/2022,186.24
10/17/2022,191.29
10/18/2022,192.93
10/19/2022,187.6
10/20/2022,189.59
10/21/2022,197.65
10/24/2022,195.86
10/25/2022,198.53
10/26/2022,204.34
10/27/2022,202.27
10/28/2022,201.19
10/31/2022,197.7
11/1/2022,200.3
11/2/2022,188.99
11/3/2022,182.15
11/4/2022,199.67
11/7/2022,200.97
11/8/2022,213.29
11/9/2022,210.19
11/10/2022,224.89
11/11/2022,225.96
11/14/2022,224.91
11/15/2022,222.17
11/16/2022,220.43
11/17/2022,216.68
11/18/2022,218.58
11/21/2022,216.93
11/22/2022,225.35
11/23/2022,227.69
11/25/2022,225.92
11/28/2022,217.75
11/29/2022,223.76
11/30/2022,230.54
12/1/2022,237.06
12/2/2022,236.24
12/5/2022,229.62
12/6/2022,228.93
12/7/2022,232.37
12/8/2022,232.2
12/9/2022,228.81
12/12/2022,229.13
12/13/2022,234.58
12/14/2022,233.45
12/15/2022,223.96
12/16/2022,224.67
12/19/2022,221.8
12/20/2022,230.25
12/21/2022,232.21
12/22/2022,231.09
12/23/2022,232.55
12/27/2022,237.6
12/28/2022,230.97
12/29/2022,231.43
12/30/2022,230.16
1/3/2023,237.83
1/4/2023,248.16
1/5/2023,245.97
1/6/2023,251.05
1/9/2023,249.79
1/10/2023,254.22
1/11/2023,252.59
1/12/2023,256.64
1/13/2023,259.9
1/17/2023,251.22
1/18/2023,249.09
1/19/2023,253.88
1/20/2023,257.02
1/23/2023,257.25
1/24/2023,259
1/25/2023,263.68
1/26/2023,260.04
1/27/2023,256.53
1/30/2023,253.36
1/31/2023,254.52
2/1/2023,259.15
2/2/2023,252.32
2/3/2023,241.92
2/6/2023,238.31
2/7/2023,241.09
2/8/2023,239.3
2/9/2023,234.55
2/10/2023,234.2
2/13/2023,233.72
2/14/2023,232.87
2/15/2023,226.55
2/16/2023,226.13
2/17/2023,222.57
2/21/2023,220.02
2/22/2023,215.25
2/23/2023,213.51
2/24/2023,211.74
2/27/2023,212.8
2/28/2023,214.07
3/1/2023,218.55
3/2/2023,218.92
3/3/2023,222.33
3/6/2023,218.97
3/7/2023,210.2
3/8/2023,209.41
3/9/2023,208.72
3/10/2023,212.13
3/13/2023,225.78
3/14/2023,227.35
3/15/2023,228.75
3/16/2023,227.65
3/17/2023,239.24
3/20/2023,241.37
3/21/2023,234.25
3/22/2023,237.48
3/23/2023,242.15
3/24/2023,245.09
3/27/2023,244.85
3/28/2023,249.72
3/29/2023,248.38
3/30/2023,251.34
3/31/2023,250.47
4/3/2023,254.89
4/4/2023,264.16
4/5/2023,265.62
4/6/2023,266.4
4/10/2023,263.29
4/11/2023,264.75
4/12/2023,267.14
4/13/2023,274.42
4/14/2023,268.64
4/17/2023,263.39
4/18/2023,264.85
4/19/2023,260.32
4/20/2023,260.43
4/21/2023,258.41
4/24/2023,259.42
4/25/2023,259.94
4/26/2023,256.93
4/27/2023,260.46
4/28/2023,258.85
5/1/2023,257.76
5/2/2023,266.79
5/3/2023,267.41
5/4/2023,274.9
5/5/2023,272.84
5/8/2023,271.72
5/9/2023,270.77
5/10/2023,268.74
5/11/2023,258.85
5/12/2023,259.14
5/15/2023,262.12
5/16/2023,255.02
5/17/2023,252.48
5/18/2023,246.19
5/19/2023,247.45
5/22/2023,246.37
5/23/2023,244.07
5/24/2023,238.81
5/25/2023,233.83
5/26/2023,234.15
5/30/2023,231.65
5/31/2023,235.12
6/1/2023,242.84
6/2/2023,240.05
6/5/2023,240.02
6/6/2023,240.3
6/7/2023,237.26
6/8/2023,239.56
6/9/2023,236.72
6/12/2023,236.85
6/13/2023,235.52
6/14/2023,234.96
6/15/2023,234.99
6/16/2023,237.23
6/20/2023,228
6/21/2023,227.02
6/22/2023,226.8
6/23/2023,226.32
6/26/2023,228.1
6/27/2023,225.91
6/28/2023,222.86
6/29/2023,225.39
6/30/2023,229.16
7/3/2023,232.26
7/5/2023,226.12
7/6/2023,220.7
7/7/2023,223.07
7/10/2023,226.92
7/11/2023,228.83
7/12/2023,240.85
7/13/2023,242.54
7/14/2023,241.47
7/17/2023,241.51
7/18/2023,245.95
7/19/2023,245.85
7/20/2023,239.04
7/21/2023,239.84
7/24/2023,238.86
7/25/2023,241.79
7/26/2023,240.44
7/27/2023,231.98
7/28/2023,234.9